DATE,GAC,NOC,SHC,UOC,DTC,IVC,PPC,PRC,NEC,AWC,GAF,NOF,SHF,UOF,DTF,IVF,PPF,PRF,NEF,AWF,CEF
May-68,32.2,30.6,32.5,6.0,3.2,6.8,42.8,17.3,10.1,2.7,20.0,19.8,30.9,-1.5,-2.8,-14.9,74.3,41.3,18.7,2.9,22.7
Jun-68,18.4,18.2,11.9,-2.9,-4.4,10.6,35.0,15.8,12.2,4.1,28.5,30.6,43.0,12.8,-5.0,3.0,80.5,53.6,15.6,-4.1,25.3
Jul-68,33.3,15.7,23.8,1.2,-1.3,0.9,35.0,16.1,12.9,4.6,41.0,43.8,30.2,24.5,1.6,-0.4,70.5,46.0,22.7,-0.4,25.3
Aug-68,-3.9,-7.6,15.3,-6.6,-2.6,-24.6,43.3,23.0,13.3,6.3,17.4,36.6,29.9,8.3,0.2,0.9,64.7,40.2,21.5,5.0,18.5
Sep-68,9.5,20.7,21.6,-6.4,-5.4,1.4,28.5,12.7,1.9,4.0,21.4,20.8,36.6,-4.1,3.7,4.6,65.0,41.2,24.8,12.2,16.0
Oct-68,6.8,24.3,19.7,12.8,-4.9,-9.2,34.5,22.0,10.1,0.2,40.2,39.8,34.8,15.1,-2.0,3.6,64.6,38.0,21.4,4.2,22.9
Nov-68,13.2,29.2,27.3,-2.2,-2.9,17.8,31.8,20.1,11.1,9.3,50.3,38.4,34.9,12.9,-11.8,14.6,68.6,45.4,26.5,1.7,34.0
Dec-68,23.5,22.7,33.3,-1.8,1.1,20.5,34.9,15.3,14.3,6.1,53.4,40.8,38.7,16.9,0.3,23.6,85.8,60.4,24.7,3.3,25.8
Jan-69,-11.3,4.2,8.7,-0.8,3.6,12.9,31.2,17.3,13.4,0.3,43.0,36.7,38.7,12.5,4.1,8.5,70.1,42.5,28.2,10.7,24.1
Feb-69,16.8,12.5,9.6,-6.3,4.8,20.7,33.0,25.3,16.9,11.2,28.2,32.7,36.2,15.3,12.2,-2.2,62.3,46.1,30.5,14.0,35.2
Mar-69,27.8,34.2,22.7,5.9,6.5,17.8,34.9,22.2,15.0,9.8,35.7,42.6,59.6,14.5,5.3,-7.4,64.0,39.2,30.6,11.4,22.8
Apr-69,18.1,22.5,27.6,7.8,1.1,18.5,39.5,22.8,10.7,-6.9,33.7,25.9,32.1,16.2,1.0,-1.8,64.6,34.7,7.6,-4.6,25.9
May-69,12.7,19.6,24.0,-2.0,-1.4,7.5,27.4,21.3,10.2,8.8,-3.5,16.2,14.3,3.2,0.4,4.9,60.7,38.4,-2.8,0.6,19.2
Jun-69,18.5,21.2,24.3,4.4,2.3,-0.2,23.3,14.9,13.2,5.5,-3.4,12.7,9.3,-6.5,-14.0,-20.6,58.2,34.4,7.4,-3.6,19.7
Jul-69,-1.1,2.3,17.3,-5.4,-2.5,5.4,37.6,13.6,13.1,-1.7,-12.9,16.8,23.0,-0.9,-9.7,5.8,56.5,36.4,14.3,2.2,18.3
Aug-69,8.0,16.9,31.1,0.1,-5.4,3.9,38.2,5.7,2.0,2.6,-10.0,10.4,15.6,-6.8,-6.9,-1.7,59.2,39.0,11.6,-5.5,16.0
Sep-69,-1.6,6.2,6.9,-4.1,-3.6,6.5,41.2,21.6,7.1,3.4,-8.6,18.7,24.3,-2.5,-7.8,1.1,65.0,40.2,9.3,-6.1,6.9
Oct-69,12.1,3.0,11.6,-20.1,-5.8,-2.5,35.3,18.2,3.8,4.8,-3.6,17.2,16.2,0.0,-4.2,-14.1,62.9,35.7,14.1,-3.2,9.3
Nov-69,-3.4,7.5,5.0,-5.7,-0.9,3.9,35.9,23.5,5.6,-2.0,-0.5,19.7,24.3,-12.5,-12.2,2.2,61.1,39.4,18.2,2.3,2.7
Dec-69,-7.9,9.6,23.2,-15.5,-7.8,-5.0,37.3,17.5,2.3,1.4,7.1,24.3,25.9,8.2,-0.2,3.2,61.6,40.9,14.1,1.2,-1.6
Jan-70,-13.1,-5.2,10.7,-18.1,-12.4,-8.1,37.7,11.5,-7.4,3.0,23.4,49.5,51.8,24.6,8.6,-5.7,69.9,45.0,18.6,6.4,4.0
Feb-70,-18.1,5.4,1.0,-6.1,-6.2,11.8,31.7,8.1,1.0,-4.0,37.8,34.9,41.1,11.7,5.7,3.1,55.5,37.5,17.9,3.2,1.0
Mar-70,-31.2,0.9,9.4,-20.7,1.3,-10.9,28.6,16.5,-10.5,-7.1,38.2,50.1,52.1,18.2,6.8,7.3,58.4,36.1,21.6,14.0,9.7
Apr-70,-16.9,7.5,5.8,-18.4,-2.9,-0.1,31.0,10.0,3.1,-7.1,56.4,56.6,51.4,33.1,5.9,2.3,56.2,46.1,26.0,16.1,14.2
May-70,-21.5,-1.3,-2.6,-16.2,-2.4,2.0,30.6,10.3,-0.3,-25.8,63.5,64.4,64.1,31.7,14.9,6.4,60.9,50.6,28.2,18.5,6.4
Jun-70,-8.4,5.9,17.9,-4.0,-2.2,-2.2,34.6,3.2,-4.8,7.6,71.2,64.0,64.6,40.2,14.4,8.7,55.5,40.0,17.0,13.5,-1.0
Jul-70,7.0,14.8,22.2,0.8,-2.1,-0.4,29.0,13.3,-2.6,-2.0,64.8,50.1,48.5,32.6,10.4,7.4,62.8,40.9,18.3,6.3,0.7
Aug-70,6.9,2.6,5.9,-11.3,5.0,1.4,29.5,12.6,-1.3,-7.8,76.0,64.1,65.6,34.5,13.5,10.0,77.6,53.6,20.8,13.9,5.1
Sep-70,14.0,28.7,19.9,2.4,0.4,-24.5,33.3,15.7,0.0,11.7,70.2,61.2,56.6,26.3,8.7,-0.1,57.0,49.3,27.3,16.5,7.8
Oct-70,3.7,16.1,18.0,-6.0,2.1,-9.6,28.7,14.2,-8.1,-10.0,78.6,69.0,70.0,50.8,11.5,15.2,66.1,56.8,22.5,17.6,5.7
Nov-70,6.4,5.1,9.4,-3.0,-2.1,-13.2,33.5,10.8,-8.3,-6.5,79.1,68.6,69.1,42.4,22.5,9.3,73.6,59.7,24.6,24.0,3.0
Dec-70,10.2,19.7,11.6,11.5,5.5,-8.1,26.1,14.8,-7.1,1.1,74.3,59.4,57.6,26.1,7.6,16.6,59.4,59.9,24.9,18.0,5.2
Jan-71,28.9,26.7,19.2,-4.2,-3.5,5.4,29.4,15.3,-4.0,-2.5,75.2,52.1,51.1,25.8,4.2,17.7,59.9,53.1,13.8,17.5,-1.1
Feb-71,39.0,32.6,31.3,11.6,0.0,-14.1,23.7,8.0,-10.3,-7.8,76.7,68.4,61.5,32.0,8.5,19.8,71.1,52.3,17.1,22.6,-0.6
Mar-71,33.3,19.5,21.5,-14.8,-3.1,-8.9,24.8,1.7,-1.2,6.3,76.5,56.2,56.4,33.0,6.8,27.5,57.9,54.6,16.4,13.3,-0.9
Apr-71,37.4,27.5,28.2,5.1,1.6,-9.7,19.5,2.9,-2.5,7.2,69.3,61.8,54.6,33.5,18.3,27.4,69.8,54.3,20.3,15.8,-10.7
May-71,39.2,24.0,21.2,9.8,4.7,1.1,25.8,8.1,11.0,13.4,77.5,62.1,65.1,40.3,18.3,21.4,75.3,62.5,28.4,14.8,1.8
Jun-71,31.3,23.7,25.7,-6.7,-1.0,-1.7,29.3,16.5,-4.9,3.4,71.5,58.6,56.2,33.1,13.7,17.3,76.0,64.5,27.2,14.4,4.1
Jul-71,25.5,9.7,18.2,-20.7,-0.9,-3.2,25.2,15.8,-8.4,1.3,76.4,46.9,50.6,29.9,14.1,17.2,82.6,63.9,28.7,24.9,8.2
Aug-71,22.8,28.0,26.1,9.6,-3.0,-4.2,39.1,8.4,-6.5,2.8,79.4,73.2,62.5,46.8,8.7,4.0,71.2,39.6,21.3,24.0,15.7
Sep-71,35.9,25.3,30.7,2.8,13.4,-0.6,9.9,-1.0,-11.5,-1.4,82.9,70.4,64.0,42.2,14.8,21.9,62.2,47.5,24.7,8.4,24.8
Oct-71,39.3,34.0,22.9,14.2,5.5,2.1,0.0,0.2,3.5,2.1,76.1,60.5,65.5,32.3,19.6,14.8,63.4,54.8,22.4,20.4,18.2
Nov-71,32.1,24.7,17.0,-1.9,0.7,-2.3,13.2,1.6,-4.0,6.1,73.8,67.4,60.5,40.4,19.8,12.1,63.5,42.2,20.1,19.9,21.5
Dec-71,30.4,20.3,16.0,1.1,-1.6,11.1,27.9,13.8,3.2,-0.4,77.9,66.0,72.3,42.2,18.4,8.4,67.1,42.8,26.5,17.6,30.2
Jan-72,34.2,31.0,29.1,10.3,9.6,-3.7,24.3,14.1,4.9,8.9,73.7,67.6,63.1,39.4,20.6,21.1,69.0,53.2,35.6,31.4,25.6
Feb-72,30.9,20.3,29.3,3.0,2.5,-3.3,24.2,12.8,7.0,11.9,68.3,55.5,56.0,43.1,13.6,25.2,69.7,50.4,31.6,12.3,38.7
Mar-72,39.5,28.9,18.1,10.1,1.0,-9.4,25.1,7.5,11.4,2.6,62.9,49.5,50.5,36.7,16.9,39.2,66.6,54.4,30.7,17.0,25.5
Apr-72,28.2,18.9,12.7,6.3,3.7,-10.1,23.3,11.7,-2.4,-2.5,69.3,47.1,51.7,21.3,15.0,13.1,62.8,49.0,22.1,15.5,31.1
May-72,35.8,21.6,21.7,10.4,-1.9,-7.1,22.6,8.7,6.8,2.1,71.4,52.2,48.5,36.4,18.7,27.1,55.7,37.1,21.0,10.8,37.8
Jun-72,34.1,15.7,7.4,-1.5,5.2,4.0,24.9,6.5,10.6,0.5,69.5,45.5,49.8,36.8,12.9,10.6,72.0,41.6,28.4,22.6,41.1
Jul-72,33.1,30.1,24.4,3.8,10.2,-6.8,19.4,13.2,3.8,9.0,73.6,55.3,54.3,45.7,15.6,30.2,51.6,35.3,31.0,18.7,40.5
Aug-72,35.2,25.1,22.8,26.0,2.4,-0.1,20.4,17.9,14.0,7.8,67.6,48.7,51.1,37.9,12.9,33.9,63.8,45.7,36.2,16.3,31.7
Sep-72,32.9,22.0,20.4,16.7,1.5,8.4,22.6,6.0,-1.9,-0.6,66.7,47.3,51.4,33.5,17.6,18.5,63.4,36.9,20.2,18.0,38.1
Oct-72,39.2,28.2,28.3,3.7,3.8,12.4,21.1,11.6,6.0,11.9,68.7,45.0,43.5,29.6,9.9,21.5,63.3,36.5,31.0,13.7,37.4
Nov-72,47.2,30.8,36.0,11.3,7.3,7.0,26.0,10.0,7.4,11.4,69.7,61.1,57.5,30.7,5.3,29.9,54.8,35.6,31.9,6.6,37.6
Dec-72,49.1,33.2,32.0,8.2,9.8,-3.2,25.1,12.3,17.1,13.4,79.3,68.4,64.0,40.8,11.8,37.5,63.1,38.5,35.2,14.8,43.9
Jan-73,47.8,42.2,38.8,29.6,6.5,13.3,29.9,5.4,18.1,13.9,66.4,59.5,55.5,30.6,-8.6,26.0,62.5,38.9,27.5,6.1,42.7
Feb-73,40.5,26.1,21.7,16.9,4.0,18.1,37.2,25.6,18.8,2.2,63.3,56.4,50.2,28.3,0.6,34.5,68.6,62.2,33.5,10.4,40.8
Mar-73,58.5,56.2,48.3,45.1,19.9,27.9,67.9,34.2,18.4,19.0,53.2,53.6,66.9,23.9,13.0,17.0,78.6,65.5,38.3,6.3,51.1
Apr-73,53.6,33.9,39.6,17.8,4.3,22.4,62.2,42.7,24.1,5.5,39.9,39.9,45.1,11.4,-6.9,26.6,82.2,60.9,9.8,2.7,32.8
May-73,36.6,33.7,40.7,18.9,7.8,14.1,64.1,41.7,15.2,4.6,23.0,9.1,24.0,-1.9,-7.2,1.0,78.6,64.8,14.3,4.3,38.8
Jun-73,30.4,24.0,25.4,18.4,-0.7,13.7,57.1,36.0,9.8,8.5,16.3,27.8,32.1,-7.5,-2.1,11.8,74.4,52.2,19.3,5.5,29.6
Jul-73,24.8,31.1,25.1,17.3,14.2,25.8,17.0,0.0,12.6,5.2,9.5,6.1,20.5,-5.3,-4.4,2.0,70.3,53.0,4.9,-8.7,20.6
Aug-73,18.5,7.4,19.8,-0.6,9.8,7.1,58.2,15.1,5.0,4.7,-10.1,-2.2,5.7,-5.2,-5.9,-0.6,74.1,60.8,7.9,-6.1,36.5
Sep-73,-0.3,2.5,15.9,-1.3,6.8,-3.3,60.0,24.0,7.9,5.0,-4.5,-8.6,7.1,-14.7,-16.4,7.7,83.1,70.5,12.6,-7.7,23.1
Oct-73,9.8,-0.6,24.6,6.6,12.6,1.3,69.3,33.6,11.6,2.0,-4.8,-5.0,14.7,-4.7,-10.2,-6.6,84.0,74.1,15.9,-1.2,26.0
Nov-73,15.4,18.9,25.4,11.5,11.1,2.4,77.8,40.2,11.6,8.5,3.2,-11.1,3.7,-20.1,-20.7,-8.1,85.2,78.6,2.2,-5.5,29.0
Dec-73,8.0,11.7,18.4,2.7,9.9,3.2,74.4,36.1,8.7,1.7,-39.7,-42.7,-28.7,-41.5,-24.8,-19.2,87.2,79.5,-21.5,-26.0,25.2
Jan-74,-12.9,-4.1,13.4,8.5,13.7,7.0,77.6,42.5,5.2,2.5,-22.6,-19.4,-5.5,-34.6,-3.5,1.5,88.7,73.3,-7.5,-3.7,34.2
Feb-74,-13.2,-9.8,10.7,0.5,9.5,-5.0,88.9,63.8,6.6,1.7,-38.6,-18.5,-4.0,-25.7,-14.2,-14.6,88.1,79.1,-18.7,-16.8,9.5
Mar-74,-12.5,-8.2,11.3,-14.6,17.8,4.7,91.1,47.4,0.7,2.1,-8.6,-7.9,-4.4,-20.4,-3.3,-16.5,79.6,76.6,-1.0,-7.1,34.6
Apr-74,-11.9,-12.6,12.0,-4.2,1.3,9.9,75.9,56.2,4.1,5.0,20.6,5.8,28.8,-18.0,-1.2,-11.6,86.7,73.4,12.0,2.8,35.4
May-74,-9.2,-5.6,13.5,-17.1,-0.2,3.6,83.8,55.8,-3.9,-3.0,31.4,25.1,21.3,5.4,-0.1,-10.0,88.1,73.8,-2.5,-5.1,38.0
Jun-74,-8.7,-2.0,10.9,4.6,1.0,11.9,82.2,63.4,-8.7,-1.9,25.0,16.8,22.1,-6.1,-6.2,-3.3,84.7,78.1,-10.9,-7.5,29.2
Jul-74,-8.4,-5.0,8.3,-15.6,-12.7,4.5,86.8,56.4,5.6,-3.8,24.4,18.1,21.8,-14.8,-8.7,-3.8,86.6,71.8,4.8,-6.3,25.2
Aug-74,-16.9,-0.6,12.8,-19.6,0.5,6.4,79.0,60.9,0.0,-5.6,29.2,27.3,36.0,-2.5,-2.4,3.9,85.3,70.2,10.1,-4.3,8.0
Sep-74,-7.4,12.8,7.6,-9.9,-0.3,6.0,73.7,61.9,-4.9,2.6,28.7,25.8,29.7,-8.4,-3.5,-5.5,80.6,69.7,10.6,-1.4,17.2
Oct-74,-26.1,-25.8,1.8,-26.6,-20.2,-14.3,70.8,51.1,-16.4,-12.5,24.1,18.5,29.5,-14.5,-9.8,-2.9,71.6,57.6,1.0,-2.2,8.5
Nov-74,-31.8,-18.3,12.7,-27.7,-16.3,4.2,62.0,39.0,-10.5,-18.0,16.2,16.9,22.2,-1.6,-10.3,-5.7,67.9,58.6,5.6,7.1,2.6
Dec-74,-57.9,-41.0,-14.9,-60.9,-26.1,-18.3,65.3,23.5,-27.7,-32.5,20.7,26.3,34.7,6.6,-3.8,-25.8,61.2,50.9,7.3,6.7,5.9
Jan-75,-44.7,-27.0,-9.8,-38.6,-19.2,-11.0,40.8,16.6,-32.8,-23.4,30.5,32.3,35.9,-2.7,-9.2,-27.7,51.0,40.6,7.8,-1.3,7.1
Feb-75,-25.5,-21.0,-8.5,-32.0,-25.2,-12.9,34.9,6.0,-21.3,-20.7,34.7,37.6,42.0,9.4,1.3,-35.2,50.2,18.5,9.3,9.4,6.3
Mar-75,-28.4,-21.7,-18.8,-35.1,-20.7,-50.7,10.0,-14.3,-34.5,-21.8,54.2,50.2,51.0,11.0,-6.9,-24.1,60.5,13.5,11.8,11.7,-10.9
Apr-75,-28.1,-26.3,-9.5,-37.0,-26.1,-38.5,0.1,-15.2,-40.2,-21.5,57.1,57.3,55.6,25.4,-7.8,-27.6,51.6,43.7,25.9,20.7,13.3
May-75,-18.3,-9.2,9.3,-30.7,-16.7,-40.4,6.3,-1.2,-15.0,-14.8,63.8,65.5,57.4,34.2,3.8,-12.5,61.2,44.8,34.3,22.6,10.3
Jun-75,-6.4,6.8,11.5,-23.4,-15.8,-31.2,14.0,-9.2,-18.0,-5.8,79.4,73.1,58.7,38.1,3.1,-17.2,66.1,48.3,35.1,25.5,19.3
Jul-75,13.7,15.2,19.9,-15.4,-13.0,-38.8,17.3,-9.8,-10.1,-8.7,78.3,67.9,53.4,29.8,5.1,-11.2,86.8,49.0,33.8,19.5,24.6
Aug-75,28.0,18.4,16.3,-1.7,-8.1,-15.5,21.0,-14.7,-1.3,-1.3,85.8,78.7,68.7,45.8,17.6,-2.2,71.4,44.3,39.0,34.0,21.3
Sep-75,32.6,22.0,19.7,-4.4,-5.5,-24.4,40.0,5.0,2.1,2.2,91.0,85.8,72.0,51.3,16.2,0.3,79.4,63.4,42.3,33.4,19.9
Oct-75,35.3,22.4,14.7,2.7,-1.9,-13.2,49.4,12.8,3.5,8.4,88.7,76.9,66.0,34.2,0.2,6.7,77.6,65.1,35.6,26.0,24.3
Nov-75,44.2,25.3,11.2,7.8,5.6,-14.6,58.3,16.5,9.2,9.0,83.6,67.8,65.7,33.9,3.6,9.2,84.9,65.4,36.5,26.3,34.7
Dec-75,33.1,17.0,22.4,6.3,-0.5,-13.7,41.1,31.7,7.3,1.8,75.6,70.3,57.0,30.4,5.8,12.6,88.8,68.9,47.2,20.7,24.4
Jan-76,10.8,4.7,14.3,-4.1,-6.1,-17.1,46.1,27.1,7.4,6.3,75.9,73.8,63.4,33.5,8.7,20.0,85.7,60.1,36.1,16.6,24.0
Feb-76,20.7,17.7,21.5,-5.6,2.2,-2.5,34.6,17.8,0.0,1.0,77.3,76.9,69.2,29.9,6.2,19.3,87.2,67.2,37.6,23.4,25.7
Mar-76,36.2,31.3,24.8,-2.4,1.6,10.5,36.1,16.1,3.4,6.9,77.0,69.5,65.3,31.8,10.0,7.2,84.5,74.5,43.0,15.6,35.2
Apr-76,43.2,37.8,44.5,-5.2,-0.7,-2.0,41.4,13.8,5.4,12.1,69.6,57.6,54.8,29.6,7.8,20.3,86.3,57.4,36.9,19.6,31.0
May-76,37.7,17.8,28.0,1.1,2.3,7.4,45.7,15.7,6.5,10.8,72.6,62.1,56.3,33.7,19.8,31.6,83.8,72.3,36.1,15.5,36.6
Jun-76,32.7,22.4,23.4,5.4,6.1,-5.4,48.6,13.7,9.4,6.8,65.9,58.2,53.2,35.1,10.4,20.7,88.9,74.8,31.0,16.9,31.2
Jul-76,28.0,11.3,20.8,6.1,5.6,-1.6,54.5,20.5,17.8,11.7,69.6,70.1,67.4,44.5,20.9,8.0,84.3,75.9,37.0,19.9,34.6
Aug-76,19.6,20.0,19.5,-5.6,-3.8,-8.2,48.6,24.2,6.6,3.0,54.1,52.5,47.4,33.6,11.3,16.2,78.5,68.3,21.3,14.8,45.4
Sep-76,22.1,15.7,22.5,8.0,-2.7,-0.3,47.5,20.1,-2.6,2.2,69.4,64.8,59.1,45.6,17.2,6.1,81.7,69.9,32.1,18.6,42.0
Oct-76,22.2,16.9,14.0,0.5,-2.0,-7.9,42.8,15.5,-9.1,5.0,67.8,70.3,65.2,40.6,12.4,9.8,85.0,75.6,48.1,22.7,44.6
Nov-76,13.8,13.7,13.7,-13.4,-16.7,-1.2,29.6,15.4,-2.2,-10.8,65.5,66.9,65.9,35.1,15.7,4.2,89.3,68.5,38.6,16.1,42.5
Dec-76,13.6,18.7,17.6,8.1,-4.1,9.1,41.2,14.5,1.1,2.0,71.4,67.5,61.8,34.1,16.4,27.1,85.6,62.2,20.1,29.2,36.7
Jan-77,31.5,35.4,30.1,4.0,0.9,15.5,36.9,13.9,4.5,8.5,79.6,68.2,65.3,42.6,15.7,14.8,92.5,76.3,42.3,31.7,34.6
Feb-77,34.9,23.6,29.1,1.0,0.6,-25.9,41.4,15.4,6.0,-2.0,80.0,69.0,61.5,41.3,14.7,14.1,92.3,83.9,44.7,29.9,42.9
Mar-77,33.2,20.4,26.3,7.1,1.0,-7.1,50.0,24.1,20.3,12.8,73.8,67.5,59.9,50.1,24.2,18.8,86.0,70.5,39.8,41.0,36.3
Apr-77,44.4,34.5,40.6,21.5,14.4,6.0,50.3,36.5,19.7,14.5,66.5,61.1,57.6,39.3,12.0,17.6,87.3,62.9,40.4,27.6,36.3
May-77,30.3,23.9,21.8,12.3,6.2,9.4,50.5,29.1,19.4,12.2,57.5,58.8,58.7,31.8,11.5,8.2,97.8,74.7,28.9,25.8,33.1
Jun-77,27.6,17.9,23.4,-11.1,-3.9,12.4,54.8,25.8,6.3,5.7,61.3,59.9,59.5,32.6,12.3,15.6,83.8,72.3,31.5,16.5,29.0
Jul-77,21.5,20.0,22.1,4.9,-0.6,3.3,39.6,20.3,8.2,5.3,71.1,70.0,68.9,43.2,5.8,18.3,86.5,75.5,31.9,21.4,32.2
Aug-77,20.1,14.2,19.6,-1.1,1.1,0.0,44.1,31.4,-6.9,2.1,52.0,58.4,54.9,32.9,6.1,5.5,86.5,73.3,26.0,22.3,22.8
Sep-77,11.2,12.2,20.0,4.7,0.0,-7.5,39.1,13.6,11.8,6.5,49.8,54.6,54.9,23.0,1.0,6.8,79.1,60.8,22.1,5.3,35.3
Oct-77,15.9,15.2,22.5,-2.3,4.6,2.7,27.5,8.5,10.6,0.2,39.8,38.5,33.3,26.8,4.9,12.5,82.5,55.6,22.2,3.7,34.9
Nov-77,18.2,9.6,14.0,-9.9,6.1,-3.5,30.6,15.5,7.3,4.8,56.4,59.4,49.0,26.1,7.7,0.3,80.2,62.0,24.3,14.8,30.1
Dec-77,30.6,24.9,30.0,1.8,9.3,-2.7,33.1,14.6,10.7,12.6,52.4,58.0,51.9,37.5,4.0,7.3,82.1,64.5,34.8,8.4,36.4
Jan-78,20.6,15.1,20.7,14.0,2.9,-7.3,39.7,23.1,6.5,9.0,42.1,36.0,35.1,20.8,4.4,9.2,74.1,53.3,25.2,12.4,32.2
Feb-78,11.3,8.2,16.6,1.9,5.9,10.8,47.2,26.9,9.1,4.2,31.6,31.0,36.2,16.0,0.0,15.7,81.8,63.3,28.9,3.1,36.6
Mar-78,8.9,12.7,17.7,-4.3,-3.8,2.2,45.9,28.0,4.1,6.1,24.5,31.8,28.1,-1.2,3.2,3.4,83.3,63.2,9.2,6.5,28.1
Apr-78,18.4,16.0,25.9,-2.6,11.3,-4.8,45.7,23.5,5.5,4.2,30.2,35.1,35.5,4.4,9.7,15.5,84.4,72.9,12.0,4.2,19.0
May-78,27.6,17.8,30.3,4.5,7.6,-17.1,47.0,31.0,17.2,9.3,31.1,22.6,24.2,5.6,1.0,2.5,88.4,67.9,18.9,0.2,24.5
Jun-78,23.2,16.4,17.7,7.0,5.1,-8.6,38.6,24.5,21.9,15.0,21.0,20.1,18.5,-0.6,-7.9,4.1,88.3,64.1,15.4,-3.9,24.1
Jul-78,17.9,13.7,20.8,6.0,8.9,-5.9,48.2,34.2,21.1,0.0,6.7,7.2,17.0,-1.8,-0.9,2.2,84.8,64.5,9.9,-7.6,7.6
Aug-78,27.7,18.1,29.5,14.2,15.9,-7.2,57.5,26.9,11.4,15.6,12.2,21.7,21.0,-6.8,-8.7,5.0,81.8,67.6,13.5,-3.2,-2.7
Sep-78,17.9,11.9,14.2,5.4,5.6,-1.0,52.6,37.3,10.0,9.3,3.7,-0.8,7.3,-15.5,-4.4,3.5,82.4,52.0,9.1,-4.5,5.9
Oct-78,21.0,18.8,31.7,7.4,1.2,0.5,51.9,31.2,17.5,9.5,-1.0,0.7,6.5,-11.9,-5.2,-12.8,80.9,64.6,6.4,-4.6,11.0
Nov-78,14.4,14.2,35.4,-2.9,1.2,-13.1,66.8,34.2,7.2,9.1,6.8,10.5,19.0,-11.3,-13.8,-2.5,86.2,70.0,1.7,-5.2,15.6
Dec-78,8.5,6.9,16.9,-3.1,-3.7,-9.3,73.3,40.6,10.4,1.6,-13.9,-9.1,-4.1,-21.6,-13.5,-1.7,85.4,59.4,-5.9,-18.4,19.7
Jan-79,4.1,-3.2,23.5,-7.5,1.0,-17.7,67.7,32.8,17.7,3.9,-26.8,-19.2,-10.3,-32.9,-17.9,-12.7,89.9,71.2,-6.2,-18.0,18.7
Feb-79,-1.5,1.6,18.3,-3.8,-5.2,-18.0,67.0,33.9,3.4,-5.1,-6.8,5.8,7.0,-5.2,-6.5,-3.7,82.7,72.4,4.6,-8.8,13.4
Mar-79,5.8,-0.9,13.7,-10.3,-7.1,-23.8,64.0,35.5,9.9,7.4,-21.4,-17.4,0.3,-18.4,-23.5,2.8,83.0,67.1,6.3,-20.0,5.0
Apr-79,-3.4,1.3,13.7,0.0,-0.8,-12.6,67.7,37.2,6.3,3.1,-23.6,-17.6,-6.3,-22.8,-16.1,-12.9,84.3,64.7,-4.7,-19.6,17.6
May-79,-1.6,4.8,15.3,-6.6,-3.4,-19.3,65.1,32.3,-3.8,0.1,-27.5,-17.3,-6.7,-26.6,-16.1,2.1,86.1,65.2,-0.9,-13.3,24.3
Jun-79,-4.2,-5.2,28.3,-17.2,7.1,-23.6,85.4,38.5,1.9,-3.2,-22.2,-6.6,-4.3,-25.7,-18.7,-14.2,95.9,66.0,-4.8,-16.8,26.9
Jul-79,-13.2,-14.7,10.9,-16.4,-9.1,-10.7,74.7,38.1,-4.3,-2.0,-25.5,-7.6,4.8,-24.2,-13.8,-6.0,85.3,65.5,0.0,-15.3,22.1
Aug-79,-17.8,-10.8,7.6,-21.3,-9.7,-22.5,66.4,45.3,8.3,-7.0,-35.8,-21.1,-19.5,-27.9,-15.0,-13.1,89.1,65.8,-21.8,-26.9,22.9
Sep-79,-24.4,-19.8,0.6,-24.2,0.7,-23.1,62.3,40.8,-3.7,-5.0,-30.1,-16.3,-13.6,-22.8,-10.1,0.3,88.4,72.7,-15.4,-27.8,10.6
Oct-79,-28.6,-26.5,-1.1,-27.2,-21.1,-35.8,77.6,46.7,0.6,-14.2,-1.3,11.7,4.3,5.3,-3.3,-6.4,90.5,76.0,-14.7,-14.0,17.4
Nov-79,-20.1,-3.9,9.7,-13.7,-3.0,-17.3,68.5,42.8,10.5,0.9,-14.7,0.2,0.6,-10.9,-3.7,-8.4,85.2,71.3,-8.4,-16.5,9.5
Dec-79,-15.6,-8.1,3.1,-20.7,6.1,-45.6,71.3,39.2,1.7,-10.3,-29.2,-6.3,0.0,-10.7,-20.7,-10.9,87.8,80.8,-13.2,-9.3,-1.3
Jan-80,-18.4,-20.1,-6.0,-16.6,-8.3,-32.1,73.4,37.0,-7.2,-13.5,-11.2,5.8,12.2,-6.1,2.5,-0.7,87.5,75.0,-4.3,-12.9,17.9
Feb-80,-20.9,-22.9,-13.5,-17.7,-10.4,4.6,71.5,53.7,-8.3,-12.1,-6.4,-1.5,3.9,-5.1,-6.1,-2.5,88.3,70.9,-5.0,-16.3,1.6
Mar-80,-19.5,-29.1,-4.8,-18.4,-4.4,-21.4,78.5,44.8,-12.8,-7.7,3.5,15.1,17.4,-6.2,-0.8,0.5,87.8,72.6,6.6,-5.0,19.6
Apr-80,-37.1,-32.4,-12.5,-29.3,-0.8,-23.9,71.0,47.1,-4.8,-11.8,-4.2,-2.9,8.8,-23.1,-10.6,-19.8,85.8,66.7,-9.6,-21.3,11.4
May-80,-53.4,-53.5,-22.4,-47.7,-32.9,-16.4,63.1,37.2,-21.7,-24.2,7.0,27.5,11.4,-11.0,-20.4,-6.9,75.4,64.3,-11.6,-17.8,3.5
Jun-80,-54.3,-47.1,-27.3,-50.6,-34.2,-0.1,54.5,33.8,-29.6,-45.6,25.1,33.2,23.7,6.5,5.4,4.1,81.5,68.8,-4.9,-1.0,6.2
Jul-80,-57.1,-46.2,-25.8,-49.8,-19.2,-17.2,37.0,24.9,-27.4,-24.3,36.9,36.4,30.3,-5.5,-5.6,7.7,78.9,71.3,7.6,13.1,17.1
Aug-80,-39.4,-34.5,-27.7,-45.2,-12.4,-14.0,48.5,18.6,-31.0,-30.0,56.4,42.8,36.4,13.6,-7.9,19.8,75.3,60.3,9.8,9.1,21.0
Sep-80,-10.3,-7.5,-2.9,-37.5,-17.6,-13.4,54.1,21.9,-9.7,-17.2,75.5,63.7,56.0,20.2,11.1,22.3,90.9,72.2,26.2,22.4,20.7
Oct-80,24.7,13.9,16.2,-11.6,-6.5,2.7,58.0,53.1,-13.6,-9.0,66.1,56.9,56.1,21.8,12.5,17.7,89.0,74.2,32.9,16.0,28.5
Nov-80,9.0,4.9,-1.0,-13.2,-8.8,-3.5,72.8,28.1,-1.7,-5.1,68.5,54.8,57.6,24.3,9.1,27.8,92.9,69.3,34.5,28.7,29.1
Dec-80,7.4,4.2,4.6,-10.5,-5.4,-0.1,58.1,27.3,-6.6,1.0,73.2,67.4,63.1,22.9,9.3,17.0,88.2,71.9,41.1,25.1,32.8
Jan-81,2.1,2.2,-0.3,-17.7,-12.1,1.5,59.1,37.8,-9.6,-1.2,54.6,46.7,36.1,10.0,2.2,3.0,87.6,75.9,-8.8,-1.0,15.3
Feb-81,5.2,10.9,11.8,-19.2,-9.1,-3.8,54.8,32.8,-3.1,0.3,52.4,60.2,55.2,17.4,7.5,-6.4,81.5,68.7,17.1,19.5,16.1
Mar-81,8.0,7.2,9.1,-18.4,-12.2,-4.2,49.2,13.1,-7.9,-4.7,66.5,50.2,47.6,16.2,8.3,-24.9,88.7,73.1,2.1,15.8,18.9
Apr-81,-1.2,-12.3,-15.7,-25.8,-10.5,-5.0,45.3,14.4,-4.9,-5.9,66.9,61.4,62.7,23.6,4.1,8.5,87.5,82.6,18.2,29.5,20.8
May-81,9.1,0.3,7.5,-17.6,-0.2,12.0,65.4,43.0,-2.4,-2.3,71.8,62.4,68.7,21.7,12.3,4.8,88.0,75.1,19.4,21.7,19.8
Jun-81,-2.1,-9.8,-2.1,-18.7,-2.2,-10.2,56.3,33.7,-6.1,-0.9,62.8,50.4,42.1,10.2,13.5,-3.5,81.0,64.1,12.7,12.5,21.3
Jul-81,5.5,11.6,18.7,-10.3,-8.7,-7.8,53.6,34.1,12.4,1.6,69.3,65.0,61.8,34.4,27.7,17.4,91.4,71.5,38.8,21.4,41.1
Aug-81,16.8,12.3,16.7,-8.3,0.8,18.1,48.6,26.9,6.5,2.3,63.8,64.5,66.2,30.7,12.8,-12.5,90.0,72.9,31.8,20.8,37.9
Sep-81,7.5,21.9,28.0,0.3,-4.2,-14.9,50.5,31.9,-8.4,2.5,62.2,66.4,64.0,24.2,-3.8,-7.5,86.5,78.5,16.0,14.7,36.7
Oct-81,-13.2,-9.2,-0.9,-19.2,-8.8,-11.4,39.0,21.6,-16.9,-8.7,53.8,65.3,60.1,29.2,5.2,-7.6,81.6,60.8,18.9,15.1,22.9
Nov-81,-25.7,-23.6,-14.8,-31.6,-13.7,-25.1,40.5,12.8,-30.9,-22.3,61.9,57.2,48.0,20.5,5.2,-4.4,77.8,63.2,12.5,10.6,14.2
Dec-81,-34.5,-26.1,-19.7,-40.0,-20.2,-20.4,27.0,15.4,-35.3,-21.6,71.1,61.9,59.7,31.5,16.9,-4.9,78.3,56.7,27.4,19.7,16.1
Jan-82,-19.9,-10.0,-0.5,-31.9,-12.2,-18.0,22.6,8.1,-26.0,-12.0,68.1,67.0,63.5,43.3,18.3,4.6,74.0,56.1,27.5,30.7,15.5
Feb-82,-15.4,-10.8,-1.3,-25.9,-11.9,-26.2,21.7,8.9,-21.2,-9.3,67.0,68.8,63.2,30.8,15.2,10.3,72.5,57.1,25.7,22.6,22.6
Mar-82,-15.7,-1.2,-0.1,-21.2,-12.3,-24.8,23.7,10.5,-21.0,-8.4,48.3,50.9,45.0,25.8,5.0,2.0,74.8,50.8,23.9,7.9,12.7
Apr-82,-3.2,0.0,-2.8,-21.9,-14.8,-29.7,14.1,-2.9,-27.5,-10.5,67.3,68.2,60.0,32.6,17.9,9.5,71.8,52.3,35.7,23.3,6.8
May-82,-4.6,0.1,-2.3,-15.8,-15.7,-36.6,2.9,-2.7,-26.9,-14.5,68.1,71.0,62.9,31.4,10.4,5.7,67.5,49.4,34.3,38.0,6.5
Jun-82,2.2,11.7,6.4,-18.1,-11.0,-24.2,9.4,-2.1,-16.9,-11.9,66.9,66.9,58.3,33.2,9.4,11.7,57.7,39.3,38.3,25.1,7.0
Jul-82,2.8,-4.4,-4.5,-17.1,-13.3,-38.9,3.7,-6.0,-25.0,-18.6,73.7,67.7,61.2,31.3,3.4,3.1,60.5,36.6,33.9,22.3,12.1
Aug-82,-3.2,-7.3,-2.7,-29.4,-14.1,-23.4,9.9,-3.3,-28.5,-9.4,67.7,63.5,61.3,32.9,12.5,6.9,60.5,42.3,34.0,21.3,2.4
Sep-82,-13.6,-1.5,0.3,-24.9,-14.6,-28.5,5.3,-0.3,-29.7,-17.3,82.6,82.2,68.5,35.6,13.1,2.3,61.3,42.6,36.1,21.1,10.7
Oct-82,10.9,10.1,1.0,-16.2,-12.4,-35.7,8.4,-6.5,-20.1,-8.7,79.6,74.5,63.4,32.1,12.7,8.8,52.4,41.0,32.4,22.5,5.8
Nov-82,2.3,3.3,2.6,-16.4,-11.9,-28.7,7.1,-3.5,-25.6,-15.9,78.9,82.2,72.4,28.0,11.1,4.6,66.6,40.8,35.9,23.5,7.4
Dec-82,14.7,12.6,0.8,-14.3,-6.2,-24.6,5.7,-5.3,-22.7,-9.3,72.4,75.3,66.2,37.7,14.1,11.8,56.8,40.3,38.3,16.6,7.7
Jan-83,12.5,16.8,8.9,-13.8,-1.1,-22.9,-0.8,-4.2,-20.7,-12.2,76.9,74.9,63.1,36.7,9.1,9.0,46.7,41.4,44.0,20.4,4.9
Feb-83,20.2,24.2,14.2,-10.2,-2.2,-24.0,4.1,-5.4,-13.9,-7.2,75.9,71.4,62.4,30.5,6.6,8.9,61.1,42.6,34.7,20.5,3.1
Mar-83,32.6,22.1,19.7,-6.3,-2.5,-17.3,5.3,-1.4,-3.0,-7.6,76.9,72.8,65.9,48.2,12.6,17.5,57.2,44.2,38.8,28.1,17.6
Apr-83,37.2,28.9,33.0,3.5,4.8,-13.2,10.9,-0.8,4.1,2.6,75.9,78.8,74.4,45.2,18.1,11.4,66.6,50.4,38.1,23.4,25.3
May-83,37.6,36.3,27.2,5.5,2.7,-14.3,22.5,5.2,0.3,1.4,83.7,78.3,75.8,48.3,18.6,23.8,78.7,51.9,43.9,22.5,27.6
Jun-83,42.3,29.5,33.1,8.0,7.6,-15.9,23.2,9.8,3.9,9.9,80.4,84.6,76.3,58.4,33.3,24.5,81.5,58.9,45.1,30.4,35.3
Jul-83,49.5,37.6,36.8,19.7,12.2,-3.3,24.9,13.1,7.6,12.1,75.9,73.8,65.5,40.0,13.4,27.3,81.1,62.5,35.3,27.4,21.6
Aug-83,41.5,37.2,36.0,19.8,16.1,-6.2,33.3,19.1,14.5,9.4,81.9,79.6,74.8,26.6,11.8,22.0,78.0,58.7,44.4,26.0,31.2
Sep-83,40.7,28.7,25.0,9.3,7.5,-1.9,29.8,9.9,18.1,16.2,73.0,68.6,59.4,33.8,12.7,41.0,79.9,65.9,40.0,23.7,24.5
Oct-83,35.4,30.2,29.2,12.2,9.9,-7.3,39.3,15.2,12.9,11.5,71.7,65.9,61.9,29.1,9.0,23.3,78.7,49.8,31.3,21.1,20.9
Nov-83,45.1,40.3,37.9,14.4,10.5,6.0,33.5,23.1,16.8,16.8,65.1,64.6,59.3,28.6,8.9,14.0,72.1,58.6,28.1,19.6,38.2
Dec-83,41.0,29.0,33.1,7.3,3.6,-1.6,33.5,18.7,6.8,13.8,61.6,68.4,60.2,28.3,6.6,2.7,79.4,59.5,31.4,21.2,39.4
Jan-84,47.0,36.5,37.6,17.1,4.4,-5.1,33.5,21.7,14.5,9.3,63.0,59.4,54.9,27.9,5.4,15.2,80.8,59.6,17.7,13.3,44.6
Feb-84,25.8,32.3,24.2,4.1,-1.0,0.6,30.1,14.3,4.8,-4.0,63.0,64.1,61.1,29.9,8.2,22.3,83.1,59.5,39.1,17.9,34.1
Mar-84,35.0,30.7,28.6,12.8,10.1,-0.5,40.5,17.3,12.3,22.3,65.1,67.6,59.3,29.5,14.4,22.3,83.0,69.0,38.0,21.0,37.2
Apr-84,36.9,33.3,32.1,14.2,13.1,1.5,49.9,21.1,5.8,6.6,58.3,54.5,55.2,23.2,3.7,11.7,78.7,56.2,23.2,15.4,43.1
May-84,31.7,33.2,33.2,9.4,7.4,13.3,37.5,17.2,15.2,12.9,44.3,57.7,46.8,23.0,13.2,8.6,83.6,59.5,16.3,16.8,29.8
Jun-84,27.7,28.0,26.3,2.3,-0.4,7.0,34.5,13.7,2.7,8.7,39.6,39.7,34.0,8.7,5.5,3.5,78.1,59.3,9.0,12.0,27.2
Jul-84,1.4,-4.8,20.0,-2.8,3.0,9.5,42.1,19.0,1.5,-4.1,40.7,43.7,42.6,11.0,0.1,-0.2,77.1,53.3,15.1,6.6,14.6
Aug-84,23.7,14.3,26.8,-9.8,-1.6,-0.5,25.0,14.9,5.3,-4.7,41.4,48.1,42.3,11.3,10.8,13.9,76.5,52.3,9.6,12.4,26.4
Sep-84,22.3,22.3,30.9,-5.2,5.4,6.1,23.1,12.7,0.8,6.5,33.5,41.3,46.6,14.5,4.0,3.2,69.8,47.4,5.7,7.1,26.7
Oct-84,15.4,23.4,31.7,-15.7,-3.3,-2.4,17.3,11.2,1.1,-4.8,42.5,56.8,51.2,12.4,17.9,-11.2,78.0,48.3,18.3,13.3,31.1
Nov-84,2.7,3.7,20.2,-23.6,-4.1,-13.0,20.7,8.0,-3.9,-13.8,38.7,45.6,38.7,17.0,9.9,1.1,75.0,42.0,14.7,24.5,20.7
Dec-84,2.1,4.4,10.5,-8.4,2.2,-6.9,17.9,10.0,-4.6,-7.4,39.7,49.9,48.4,11.0,6.3,0.4,75.3,52.9,9.3,14.4,23.5
Jan-85,5.5,0.8,21.4,-11.6,0.5,-15.7,24.2,8.4,-8.4,-6.8,41.7,48.1,50.8,12.5,7.5,-8.8,62.0,40.2,3.3,16.9,26.6
Feb-85,10.9,13.3,20.5,2.7,-1.4,-8.6,20.1,3.8,-9.3,0.0,46.3,52.5,45.4,10.1,11.8,-14.8,65.1,43.3,25.1,22.1,30.0
Mar-85,30.9,30.2,22.5,-1.3,-2.4,-11.1,16.8,7.9,-0.3,-5.2,47.7,52.7,52.5,5.5,9.6,-8.3,79.1,53.7,8.8,15.7,22.8
Apr-85,10.0,10.1,8.0,-25.3,-0.8,0.8,18.8,1.1,-8.6,-7.0,42.0,51.2,47.5,7.9,1.4,-19.3,69.2,34.6,12.5,9.7,23.3
May-85,8.0,17.3,16.8,-9.0,1.3,-25.9,16.0,15.2,-8.4,-0.4,38.2,41.6,39.7,1.9,0.3,-29.0,54.4,40.3,1.9,5.0,21.1
Jun-85,-2.4,-4.3,9.1,-5.9,2.8,-26.6,9.9,8.9,-9.2,-4.6,16.7,24.1,18.9,-3.3,-3.2,-17.2,61.2,31.0,-2.1,-6.2,10.3
Jul-85,11.5,15.8,33.4,-11.1,-1.3,-32.9,16.5,0.2,-8.2,-6.7,27.2,35.9,28.6,0.6,-3.1,-22.7,51.5,33.1,-9.6,-1.3,13.1
Aug-85,6.9,23.0,8.9,-4.8,-4.8,-17.5,14.4,4.1,-16.5,-1.2,21.7,32.0,31.9,3.4,-8.3,-24.7,55.2,32.9,-6.7,1.9,20.7
Sep-85,2.3,10.0,5.2,-5.5,-10.7,-26.7,13.8,4.2,-14.2,-7.6,30.4,31.7,30.8,5.2,8.7,2.4,45.2,23.4,-8.6,-1.3,3.9
Oct-85,6.3,17.1,13.8,-13.3,-8.2,-19.0,2.7,-0.5,-17.2,-9.1,25.5,25.6,22.8,9.5,-0.2,-18.9,46.6,27.6,-9.6,9.4,13.8
Nov-85,19.7,25.5,28.4,10.6,-0.8,-10.1,3.3,0.4,-6.4,9.3,32.8,28.2,36.4,-0.1,-0.8,-17.8,40.4,28.8,-7.9,6.4,22.7
Dec-85,13.4,17.5,13.7,-5.9,6.3,-17.5,8.9,-1.0,-4.9,-8.4,29.4,26.6,27.5,4.1,-6.4,-23.5,46.2,13.9,-12.2,0.9,15.8
Jan-86,22.4,28.1,25.7,-3.7,-2.0,-16.9,6.5,-2.2,-4.6,4.2,37.8,41.4,38.2,25.9,7.3,-9.6,47.8,29.9,-9.9,5.5,29.5
Feb-86,19.8,20.4,20.4,-2.1,2.8,-18.8,6.1,0.6,1.8,3.8,36.2,34.3,34.3,7.7,8.8,-16.4,43.7,28.3,-6.8,-3.4,21.0
Mar-86,14.0,13.0,19.0,-12.0,-0.6,-13.3,17.1,7.2,-10.0,9.7,27.5,31.6,28.3,10.4,1.5,-19.7,45.7,25.3,-3.0,-0.1,13.0
Apr-86,3.2,7.4,25.7,-12.3,-4.9,-17.8,-2.9,-2.2,-20.6,-0.3,28.4,26.6,31.6,-7.2,4.9,-13.8,34.5,22.0,-12.3,3.0,3.6
May-86,1.9,0.4,7.3,-13.9,-4.7,-12.9,2.2,-1.9,-8.1,-5.9,19.1,17.6,22.7,-6.0,-8.1,-21.2,29.2,19.6,-10.6,-3.8,2.3
Jun-86,2.8,9.8,14.6,-9.0,-3.0,-18.7,0.2,-9.1,-6.7,-1.0,32.4,29.2,27.0,1.7,-4.4,-24.2,24.0,16.6,-5.8,-3.5,8.4
Jul-86,11.7,16.5,19.6,-2.1,-8.9,-21.5,4.4,0.9,-5.9,8.9,29.7,32.4,31.6,7.1,-1.4,-12.1,44.5,23.9,1.5,8.1,9.1
Aug-86,6.8,15.6,21.3,-2.9,-7.4,-9.6,-3.2,-7.1,-6.2,-6.5,28.6,27.3,24.3,5.6,-3.8,-9.8,30.6,17.2,-3.6,2.2,0.8
Sep-86,10.6,14.4,24.3,-1.2,1.4,-21.1,4.0,1.6,-1.0,-0.4,24.0,24.1,20.5,4.5,-0.6,-20.6,44.0,18.1,-6.9,2.6,0.2
Oct-86,9.2,14.9,14.0,6.8,-0.9,-9.7,22.8,3.8,0.3,-10.9,25.7,20.3,26.1,3.3,-5.8,-8.3,48.0,24.3,-6.2,1.1,11.5
Nov-86,16.4,10.6,14.1,5.6,2.6,-13.2,18.9,6.3,-0.2,4.7,26.0,34.9,24.9,5.5,-6.4,-19.1,48.6,21.1,-3.6,-5.5,20.3
Dec-86,22.8,19.6,19.8,3.6,-3.2,-4.2,17.0,2.5,6.5,-0.8,34.5,26.2,27.1,3.7,2.0,-13.5,44.5,21.4,-0.8,-13.8,3.1
Jan-87,5.8,14.6,7.8,-0.4,-0.1,-4.5,5.2,3.1,-1.1,-0.8,29.2,32.4,25.0,-2.4,-7.2,-32.4,48.7,27.7,0.3,2.9,1.8
Feb-87,9.3,13.1,15.6,-4.2,-5.6,15.3,17.1,3.8,1.5,2.2,33.0,29.4,33.8,3.5,-5.9,-0.4,56.9,30.6,-1.4,-0.2,18.4
Mar-87,5.6,13.6,12.8,-4.7,-5.4,-15.4,19.3,3.4,-0.2,-1.2,23.8,19.8,20.6,3.6,-4.4,-16.8,50.5,18.3,-3.3,-2.0,5.9
Apr-87,14.3,15.3,11.6,-5.1,-5.4,3.3,21.7,12.4,-4.9,4.6,7.7,16.9,5.9,-4.2,-7.5,-22.2,51.4,29.7,-15.7,-7.4,4.0
May-87,19.7,15.8,19.3,-4.3,-6.7,-12.3,29.6,1.8,13.4,2.2,8.1,16.8,10.2,-7.1,-14.6,-13.6,59.9,23.0,-5.6,1.3,17.0
Jun-87,13.0,16.8,26.7,-7.3,-2.7,-7.7,35.5,9.1,0.1,3.0,23.4,20.0,21.9,-0.3,7.4,-8.5,63.9,36.4,-7.5,4.9,16.3
Jul-87,15.5,17.9,13.2,4.9,-0.3,-9.2,36.7,3.1,6.3,10.9,23.2,21.6,17.9,2.8,-8.9,-16.0,54.6,26.0,-6.3,-4.0,8.2
Aug-87,30.1,29.6,27.3,5.4,8.8,-6.2,36.3,9.3,12.9,15.5,21.4,24.2,18.2,-1.8,-13.9,-17.7,63.4,20.2,-6.0,-4.7,11.2
Sep-87,26.3,36.6,31.0,3.6,-2.7,-8.2,49.0,18.2,7.4,9.6,23.2,27.9,26.0,-6.1,-18.2,-3.3,62.1,36.2,-1.0,0.7,28.8
Oct-87,27.2,22.0,39.0,2.9,9.3,-20.4,49.0,19.6,17.8,23.7,28.8,23.0,16.4,-12.1,-21.5,-4.5,67.9,38.9,1.8,-4.5,19.4
Nov-87,11.8,13.7,15.4,-5.9,-5.2,-8.1,37.5,17.2,7.5,-1.4,8.5,3.8,10.1,-3.0,-10.5,-12.7,72.8,39.0,-7.0,-17.2,13.9
Dec-87,29.8,38.4,39.3,13.3,-14.8,-9.5,43.9,24.5,12.1,18.9,32.6,14.3,27.9,-6.7,-22.6,-5.6,59.4,38.5,10.4,-1.7,16.1
Jan-88,3.5,14.1,17.8,-3.3,-2.5,13.5,54.6,34.3,14.1,0.8,10.5,8.7,10.6,-2.7,-21.7,-12.7,68.8,35.2,1.0,-7.9,9.9
Feb-88,18.3,18.8,26.6,6.8,3.8,8.8,50.1,23.7,12.2,9.3,1.6,11.4,7.4,-21.2,-20.9,-5.6,46.6,31.9,0.3,-9.8,16.7
Mar-88,12.8,12.4,24.5,-4.8,1.6,-1.5,45.6,23.3,17.9,3.8,-5.9,5.2,5.6,-29.8,-23.3,3.4,70.7,34.8,-2.1,-7.7,23.6
Apr-88,26.8,16.7,33.9,2.2,10.8,-2.9,57.1,26.2,15.8,11.0,10.4,12.3,15.3,-4.7,-18.0,5.9,68.4,35.6,6.3,-1.9,-1.8
May-88,17.8,23.5,27.7,-4.4,-3.7,4.6,52.7,15.7,17.0,2.0,22.6,25.5,31.9,15.8,0.8,-4.3,60.4,39.7,12.5,0.2,23.1
Jun-88,17.4,25.9,31.2,9.6,2.3,4.0,60.1,29.5,14.0,10.0,18.1,33.8,29.9,5.4,-7.1,-0.6,81.6,42.9,17.6,-0.7,22.3
Jul-88,23.7,24.4,28.5,2.0,7.5,5.5,53.2,28.5,13.7,5.3,24.4,25.0,29.3,6.3,-5.4,2.5,80.4,62.1,15.6,2.6,25.6
Aug-88,15.2,21.6,31.8,1.3,5.8,-9.4,61.6,29.8,3.4,7.4,20.9,17.2,22.1,1.9,-0.8,-18.1,76.9,55.1,15.3,8.3,24.9
Sep-88,25.6,32.0,31.0,9.7,3.9,6.0,58.6,26.4,17.6,13.5,22.5,28.8,30.3,1.4,-10.9,-14.4,69.6,47.8,17.9,4.0,32.8
Oct-88,27.2,36.0,42.9,11.6,11.1,8.7,54.5,17.6,20.6,15.7,12.4,19.7,19.2,0.6,-11.4,-6.2,61.1,45.6,7.3,1.1,25.9
Nov-88,27.2,34.6,39.0,8.2,13.4,8.5,53.4,30.2,13.3,8.3,17.6,21.9,16.5,-11.7,-0.8,-4.3,58.0,49.1,10.6,1.9,25.5
Dec-88,22.7,23.3,28.0,0.4,2.4,5.8,54.2,33.5,9.9,2.4,4.1,21.8,17.2,-1.8,-10.7,-9.3,74.7,57.9,6.9,6.7,39.8
Jan-89,28.2,24.3,26.5,8.6,-1.0,-3.1,55.2,32.1,8.4,11.8,-2.7,7.4,15.2,-12.0,-18.6,-7.3,72.1,51.3,9.6,-5.9,38.4
Feb-89,20.1,19.9,27.1,-1.4,-4.0,-9.8,54.6,36.7,8.6,1.8,-2.3,-1.3,13.5,-8.4,-21.7,-11.9,69.3,43.8,1.6,-14.7,23.6
Mar-89,18.0,29.4,24.6,-10.3,-2.5,-3.4,51.6,26.4,9.1,7.7,0.2,2.6,4.4,-12.8,-19.0,-10.4,65.8,45.3,4.4,-13.4,20.1
Apr-89,4.1,14.7,11.6,0.0,-4.3,-9.7,45.1,25.3,6.0,3.2,0.2,12.3,12.0,-9.4,-24.7,-16.8,62.7,40.4,-6.4,-19.3,27.7
May-89,-10.2,16.1,19.2,3.9,-6.6,-5.0,43.3,25.3,-2.4,0.8,-7.4,-1.4,9.0,-15.3,-22.1,-16.3,61.8,39.4,0.4,-18.7,20.7
Jun-89,-7.6,0.0,11.0,-15.7,-12.3,-0.7,41.0,19.6,-2.3,-6.9,-8.5,-5.2,-8.1,-27.4,-23.2,-23.9,52.7,32.3,-12.2,-22.3,9.9
Jul-89,-16.9,-8.0,8.8,-31.4,-14.7,-6.4,36.3,14.0,3.8,-9.6,-3.1,4.4,9.1,-16.2,-22.9,-15.3,55.1,32.1,-2.2,-6.1,20.7
Aug-89,-9.5,-3.6,4.0,-18.7,-13.9,-20.2,32.9,12.2,1.9,-13.0,-5.3,3.5,1.8,-20.4,-24.0,-11.5,44.2,20.2,-12.9,-22.9,21.7
Sep-89,-5.4,-1.4,13.7,-24.5,-10.2,-10.2,20.8,2.6,-6.3,-19.9,-7.7,11.1,7.1,-17.7,-20.1,-10.8,49.1,25.4,-11.4,-15.7,19.9
Oct-89,-7.0,1.5,7.8,-18.8,-7.9,-5.6,20.7,6.6,-10.6,-13.0,-1.8,6.2,7.3,-13.4,-13.5,-11.7,45.3,8.3,-13.1,-7.6,0.3
Nov-89,-4.2,5.1,13.7,-27.3,-17.1,-15.9,27.8,3.2,-0.6,-8.1,2.1,15.0,14.0,-9.0,-15.9,-8.7,39.4,19.6,-6.7,-8.6,8.3
Dec-89,-2.1,15.0,20.0,-18.3,-10.3,-10.3,19.9,-5.5,-5.0,-4.9,-0.9,7.8,7.1,-12.8,-12.4,-4.1,40.1,8.1,2.3,-16.8,7.8
Jan-90,-7.5,6.1,17.0,-22.5,-14.5,-14.7,21.3,1.9,-8.9,-5.7,9.7,14.3,13.3,-13.5,-18.1,-15.3,38.4,27.9,-4.2,-19.6,0.3
Feb-90,-22.1,-8.6,11.3,-30.1,-15.2,-12.6,22.1,3.7,0.3,-11.5,-0.2,1.7,5.6,-17.4,-23.6,-16.1,24.2,6.7,-7.7,-12.1,-6.5
Mar-90,-21.8,-13.8,-2.6,-23.4,-15.8,-14.3,27.0,4.3,-16.1,-12.9,13.0,21.0,20.6,-2.6,-17.0,-17.6,43.7,24.1,-7.0,-10.5,-11.5
Apr-90,-9.0,0.7,12.1,-28.4,-25.3,-11.0,29.3,6.3,-10.0,-16.6,13.5,22.5,24.2,-9.9,-16.9,-14.0,47.3,32.9,-8.0,-11.0,2.6
May-90,-16.5,-13.0,1.0,-20.6,-11.9,-0.8,26.7,5.6,-14.3,-13.8,13.8,21.2,21.3,-6.0,-19.6,-7.3,44.2,25.4,-7.8,-7.3,4.5
Jun-90,-8.6,-3.5,2.7,-21.6,-8.5,-14.0,5.9,-1.0,-15.0,-14.0,18.5,25.2,23.9,-0.2,-23.9,-3.2,42.0,31.1,-15.9,-7.4,8.6
Jul-90,-18.1,-6.3,5.5,-19.8,-19.0,-11.1,26.6,-7.5,-15.5,-24.2,5.0,6.5,3.2,-15.6,-22.5,-21.3,29.4,12.7,-25.0,-16.2,5.3
Aug-90,-18.2,-17.9,-2.9,-31.3,-16.7,-11.1,16.3,2.0,-19.0,-17.8,1.7,7.7,8.5,-12.4,-17.0,-25.4,38.9,17.7,-8.5,-4.1,4.8
Sep-90,-43.4,-30.0,-12.3,-44.8,-22.7,-10.6,41.9,1.2,-22.4,-21.8,-17.6,-6.3,-1.7,-27.7,-31.5,-14.7,63.7,22.9,-27.8,-18.0,-10.3
Oct-90,-48.2,-30.4,-26.0,-35.2,-20.4,-15.1,42.0,4.9,-21.3,-29.9,-10.9,-7.1,-6.2,-19.9,-21.6,-28.9,45.0,20.9,-26.3,-24.4,-0.7
Nov-90,-27.1,-19.8,-7.7,-26.5,-22.3,-19.9,39.0,6.4,-26.3,-27.3,6.7,9.6,7.9,-13.2,-17.7,-30.8,54.7,24.4,-22.9,-11.0,-3.5
Dec-90,-37.1,-23.7,-11.4,-25.8,-27.7,-0.3,39.1,-4.0,-21.8,-28.0,11.8,9.9,7.5,-16.2,-17.4,-26.9,54.2,18.9,-27.5,-17.3,5.2
Jan-91,-32.0,-20.3,-10.7,-25.6,-19.7,-8.7,14.5,-6.9,-20.7,-27.3,-11.1,2.3,1.4,-21.8,-15.3,-16.0,28.9,12.1,-19.4,-8.4,-8.2
Feb-91,-22.1,-15.4,-7.6,-26.1,-17.8,-21.9,8.9,-8.6,-21.4,-27.5,26.6,30.2,35.0,0.4,-11.3,-14.5,37.4,24.6,-10.3,-0.9,8.6
Mar-91,-11.6,-2.0,-3.6,-20.0,-14.5,-20.6,7.0,-10.8,-19.4,-25.2,39.8,34.1,38.0,-1.1,-6.3,-12.6,33.0,19.8,1.9,1.1,10.1
Apr-91,-6.5,-0.2,4.4,-20.0,-16.3,-1.1,11.6,-16.7,-24.6,-18.7,40.6,41.6,34.1,6.7,-0.1,-3.0,38.8,22.9,7.6,8.1,25.9
May-91,3.9,10.1,6.2,-11.7,-8.7,-18.8,0.0,-18.0,-10.9,-9.6,51.9,49.9,48.1,12.5,1.3,-20.4,38.3,14.0,6.1,15.5,16.0
Jun-91,13.0,11.4,7.7,-7.2,-6.1,-9.2,4.2,-11.4,-8.6,-3.8,59.0,54.4,45.0,20.8,10.4,-9.0,30.9,25.2,15.5,21.7,26.5
Jul-91,19.9,16.2,19.2,-1.5,0.4,-29.4,5.2,-7.6,-12.8,-1.9,63.2,62.0,53.0,21.4,9.7,-2.9,49.5,31.0,23.7,18.7,28.7
Aug-91,27.0,29.8,20.5,1.6,-0.5,-20.3,9.2,-8.3,-8.1,-1.4,66.7,62.8,59.1,23.3,9.5,-2.4,46.2,35.0,17.2,12.9,18.1
Sep-91,20.0,14.6,17.5,6.9,-0.2,-28.1,8.0,-2.8,0.4,-1.7,71.7,68.3,61.2,30.5,6.2,-1.4,40.7,31.2,21.2,21.3,14.5
Oct-91,9.5,4.3,11.6,-10.4,-6.8,-23.2,13.8,-2.8,-12.5,-0.5,71.5,70.4,62.5,24.6,4.1,-4.3,49.8,29.0,5.7,18.1,20.1
Nov-91,1.3,0.5,-7.7,-6.3,-2.4,-11.8,7.6,-7.6,-9.5,-6.8,64.6,54.7,52.2,22.1,-4.2,-5.9,41.6,32.7,21.7,19.1,13.3
Dec-91,-18.8,-11.2,-3.5,-14.9,-3.7,-17.9,9.6,-1.4,-21.1,-22.2,65.4,57.4,55.6,26.8,-5.2,-5.2,32.8,22.9,15.9,22.0,17.6
Jan-92,-2.2,-4.5,16.3,-22.1,-16.5,-5.3,-2.4,-17.9,-7.0,-11.3,52.1,48.2,44.1,22.4,0.0,-10.5,31.4,19.4,3.3,21.3,23.6
Feb-92,0.6,12.4,6.1,-7.5,-8.9,-14.5,5.0,-16.0,-19.2,-9.4,57.2,49.0,42.6,18.5,0.0,-2.6,34.2,20.3,13.2,17.0,27.0
Mar-92,15.0,9.8,12.9,5.1,-1.4,-2.2,13.2,-5.1,-6.4,-8.6,46.8,47.3,45.3,19.5,4.4,-11.2,36.5,19.6,6.2,19.6,23.4
Apr-92,20.0,20.2,18.0,-1.3,-0.8,-10.9,8.9,-2.3,-6.0,2.5,56.0,53.4,49.7,23.0,2.4,-11.2,35.2,22.7,14.6,21.1,20.0
May-92,17.0,11.3,10.8,-5.6,-7.9,1.1,16.8,0.2,-4.6,-5.8,56.3,57.3,54.8,18.4,3.4,-4.8,33.5,20.8,20.6,17.6,15.1
Jun-92,15.0,14.7,18.9,-10.7,0.0,2.4,13.1,2.2,8.3,1.0,66.4,55.8,60.0,20.8,1.9,-1.8,38.9,20.2,28.4,26.6,33.9
Jul-92,27.6,20.0,16.3,-5.9,1.0,8.1,10.2,-2.4,3.3,3.0,52.7,51.4,50.9,12.3,-8.4,4.8,30.0,20.5,16.3,25.3,20.8
Aug-92,16.7,19.2,22.7,-0.6,-0.9,3.6,14.4,0.5,-0.5,6.8,54.6,49.2,52.5,20.9,-1.6,-4.9,32.9,17.5,4.8,26.8,22.9
Sep-92,21.0,22.7,20.8,-1.8,-6.0,1.0,7.6,-2.7,-0.5,3.5,56.8,57.0,58.1,22.6,11.2,-7.6,36.4,33.4,23.3,29.2,26.3
Oct-92,-4.8,0.5,3.9,-5.2,-5.8,-6.3,3.2,-6.3,-10.1,-4.6,55.5,53.6,50.4,21.3,1.0,-6.1,43.2,27.2,14.4,19.6,24.4
Nov-92,18.2,21.4,26.6,-4.5,-0.3,-10.4,0.3,-8.5,-8.5,-2.6,60.5,59.6,58.4,23.2,9.8,-5.7,35.6,23.6,13.4,24.0,15.2
Dec-92,25.4,19.6,25.0,-6.2,-5.7,-17.7,4.2,-4.5,0.2,0.4,53.0,50.9,52.2,14.2,6.1,0.6,41.1,26.5,9.6,16.4,19.8
Jan-93,31.1,28.7,30.4,16.2,3.3,-20.5,6.6,4.0,1.0,11.4,54.7,52.4,49.7,18.8,10.8,-2.3,46.0,27.1,13.6,24.2,23.3
Feb-93,34.3,29.7,35.3,14.2,6.9,-11.5,19.1,1.8,4.5,5.0,63.9,49.3,49.9,15.2,10.4,-4.8,45.8,30.2,8.6,22.5,20.7
Mar-93,16.2,14.4,15.4,0.0,-3.7,-7.7,14.3,1.4,-6.8,4.0,47.2,46.4,42.2,20.8,-1.3,-6.2,41.5,27.2,1.6,20.2,28.1
Apr-93,23.3,19.8,19.1,7.1,-0.6,0.9,14.5,6.4,-2.3,4.1,40.2,35.5,40.5,-0.8,-7.8,-13.7,43.9,27.5,3.9,11.7,20.5
May-93,14.8,14.3,18.6,-1.2,-3.4,-10.9,17.7,1.5,2.4,-0.5,28.4,23.9,21.4,0.3,-2.3,-15.8,46.1,25.8,-4.3,4.5,17.8
Jun-93,3.5,6.4,11.6,-3.2,-10.7,-10.3,15.1,-1.9,-8.9,-8.3,32.1,30.0,27.4,5.4,-8.6,-20.6,47.6,14.2,-5.3,-2.2,11.8
Jul-93,-3.2,3.3,9.0,-3.1,-8.2,-3.4,17.7,-0.5,-13.1,-5.1,38.4,36.4,40.5,8.0,-5.2,-17.0,40.4,15.7,-6.2,-1.0,-3.5
Aug-93,-0.3,3.1,0.1,-8.9,-10.4,-3.0,8.5,-7.3,-14.0,-8.2,39.7,41.8,39.4,6.5,-4.0,-12.9,40.1,20.1,0.9,11.8,14.8
Sep-93,7.3,10.2,10.5,-13.1,-8.3,-2.6,12.4,-6.3,-7.7,-4.9,37.2,36.8,39.7,9.5,1.9,-7.4,36.0,13.1,-3.0,5.8,18.5
Oct-93,8.9,9.6,10.9,-1.1,0.8,-8.2,3.0,-6.7,6.0,-4.1,42.3,43.5,44.0,23.0,-3.4,-7.6,47.0,19.5,13.4,18.3,24.5
Nov-93,18.9,21.8,10.8,2.0,-4.7,2.3,11.8,-1.2,-4.9,-7.4,34.5,39.8,38.3,3.5,-11.6,-12.0,23.7,14.4,2.1,15.0,31.7
Dec-93,41.4,31.2,44.4,-0.7,-4.6,-4.3,12.3,1.0,4.1,16.6,47.1,46.5,42.9,5.6,-1.5,-14.5,37.0,25.6,3.7,4.6,21.9
Jan-94,27.2,24.1,24.7,0.0,0.9,-10.8,22.7,14.5,6.8,10.1,45.5,46.2,46.9,16.8,-5.2,-1.2,38.7,21.9,11.7,9.1,22.1
Feb-94,21.2,16.9,20.6,5.4,4.1,9.5,27.7,15.1,5.1,12.1,36.1,31.9,34.5,0.9,-5.9,-11.7,39.4,27.4,-0.9,2.1,21.0
Mar-94,19.8,25.9,26.0,4.6,1.1,-2.1,15.9,9.3,4.1,14.6,45.5,43.8,40.1,8.3,-5.4,-3.0,48.4,27.6,7.2,6.7,30.6
Apr-94,16.8,22.0,25.5,7.4,5.8,1.1,33.1,9.5,9.6,-2.1,41.8,34.2,33.2,14.7,-2.8,11.3,40.7,16.4,3.6,7.8,22.1
May-94,22.1,23.0,36.2,4.7,6.6,9.5,28.1,11.9,4.5,10.2,32.5,28.4,32.7,4.4,-17.3,-10.2,30.8,26.1,5.6,7.6,29.6
Jun-94,25.0,19.7,29.8,4.8,-0.1,-8.1,31.5,11.5,3.0,3.0,29.1,33.0,34.4,-2.2,-10.3,-17.2,39.6,29.2,7.4,2.9,25.0
Jul-94,17.8,16.7,16.1,-9.3,5.4,-7.2,36.6,16.0,3.5,0.5,28.9,27.1,24.4,0.8,-8.5,-11.1,52.8,33.2,5.6,6.5,26.3
Aug-94,18.5,10.4,21.6,-3.5,2.4,7.2,46.1,22.9,3.4,-2.2,29.7,33.5,31.4,4.2,-10.4,0.7,55.0,40.5,6.3,-1.5,23.9
Sep-94,18.4,13.8,17.2,-7.1,-9.8,-5.9,44.5,16.6,2.2,-1.4,29.7,31.1,30.6,-1.1,-8.5,-16.0,53.6,28.2,0.5,0.3,16.3
Oct-94,26.1,20.2,24.2,-0.3,-1.1,-9.3,51.8,24.9,10.7,16.8,25.9,28.3,30.2,-4.0,-11.3,-17.7,49.2,27.8,11.1,0.1,24.7
Nov-94,24.7,16.5,26.8,-6.8,5.3,-3.2,54.9,22.6,11.4,12.3,27.3,27.0,26.4,6.0,-12.6,-9.4,48.5,31.7,-0.7,-1.3,32.1
Dec-94,23.3,13.9,22.8,1.9,-1.1,6.0,43.4,16.4,2.9,3.7,12.3,14.8,19.7,2.8,-12.7,-26.9,61.3,31.1,2.5,0.5,11.1
Jan-95,8.8,8.3,9.8,-3.4,-8.8,-14.0,54.8,23.1,1.8,-6.8,16.6,21.3,17.4,-9.7,-21.4,-26.7,46.7,31.1,-2.7,-0.1,28.1
Feb-95,9.2,10.9,25.5,-11.8,-8.7,-2.0,47.4,15.7,10.5,-0.2,8.7,10.0,13.6,-12.0,-16.2,-16.8,49.6,27.0,-9.7,-2.1,12.4
Mar-95,2.0,6.7,12.3,-12.5,-15.2,-10.1,42.3,15.0,0.0,-7.5,-6.0,-8.9,-6.3,-27.8,-29.4,-13.0,41.9,25.3,-7.8,-15.4,8.9
Apr-95,-11.2,-7.6,-2.3,-27.5,-15.7,-11.0,32.6,6.3,-18.3,-11.6,-1.1,5.3,5.4,-7.3,-13.4,-16.1,38.3,23.6,-8.6,-9.5,10.9
May-95,-8.5,-12.9,-2.4,-18.4,-16.7,-17.8,30.9,6.2,-15.7,-20.9,14.7,14.4,10.5,-3.4,-22.6,-19.4,31.1,11.7,-2.4,-11.4,6.1
Jun-95,-20.7,-20.5,-8.6,-28.6,-24.8,-6.9,25.7,-1.0,-14.7,-18.3,15.3,15.9,11.1,-7.0,-4.7,-12.5,32.5,22.5,-7.8,3.9,-8.8
Jul-95,-20.4,-17.2,-12.9,-42.6,-23.3,-15.9,23.1,-5.3,-20.8,-22.5,23.4,25.2,26.3,-1.9,-4.7,-9.9,21.3,14.8,0.2,6.1,11.9
Aug-95,1.2,-6.7,9.2,-14.7,-16.8,-16.3,17.0,-5.2,-14.1,-5.2,28.5,25.5,27.3,8.8,-0.8,-7.8,33.5,23.3,5.8,6.7,16.4
Sep-95,26.2,30.2,27.3,5.1,-7.3,-6.0,13.9,3.1,9.0,-1.9,27.6,24.2,22.4,3.4,-3.0,-12.4,25.2,30.1,5.7,11.8,22.0
Oct-95,21.7,16.6,15.9,-1.4,-4.9,-0.8,24.9,1.0,3.4,-4.6,31.6,39.8,42.0,9.4,0.0,-2.0,29.7,20.0,7.7,14.4,16.0
Nov-95,5.5,7.2,-1.0,-4.8,-2.0,1.2,9.9,-5.9,-2.4,-5.8,29.3,25.2,25.4,2.5,-5.2,-12.5,31.9,15.9,3.8,5.2,16.6
Dec-95,19.6,13.5,13.7,-5.3,-0.8,-14.9,2.3,-6.1,-10.4,-9.8,7.3,10.3,9.6,0.2,-14.6,-17.7,12.8,11.6,-4.9,1.7,20.0
Jan-96,-14.7,-16.3,10.9,-32.0,-9.3,-7.1,12.3,-7.4,-9.0,-9.1,23.2,13.4,17.0,1.8,-12.6,-25.3,32.1,5.5,-17.6,-12.4,6.6
Feb-96,4.8,1.3,13.3,-17.3,-12.5,-12.5,-1.2,-16.0,-7.9,-10.7,28.2,26.6,22.4,-1.6,-14.9,-17.9,14.3,6.1,-4.2,-3.2,16.3
Mar-96,-3.5,-1.4,-2.8,-11.9,-3.6,-12.8,-0.1,-9.3,-4.1,-14.5,19.8,19.6,17.6,3.5,0.7,-13.5,26.6,8.8,-2.0,-0.6,4.0
Apr-96,21.3,16.7,25.1,-13.0,-14.1,-18.2,11.1,-5.1,-0.1,2.6,23.7,30.1,31.4,-4.5,-12.0,-12.5,25.3,10.9,5.7,0.8,29.4
May-96,19.6,24.2,27.3,-5.6,-7.8,-11.9,11.3,-3.1,3.3,3.9,28.0,33.4,28.2,5.7,-6.1,-3.9,27.3,17.9,8.8,7.4,21.1
Jun-96,21.0,23.0,26.7,6.0,0.7,-12.6,15.2,-2.6,2.7,0.3,41.7,37.6,42.6,14.0,-7.3,-9.7,26.0,17.6,10.6,9.1,16.5
Jul-96,29.5,26.6,33.0,-1.9,1.5,-7.0,11.9,-1.6,7.5,4.8,38.2,42.6,40.3,16.4,-4.3,-7.4,33.7,17.1,17.6,9.3,19.9
Aug-96,13.8,16.1,17.0,-1.6,-5.9,-15.9,7.0,-3.1,2.2,0.0,25.6,26.8,24.9,-1.8,-8.0,-20.7,29.9,13.4,0.8,4.2,9.2
Sep-96,12.9,18.0,25.1,3.5,-3.8,-11.6,15.9,3.9,8.1,0.5,23.3,28.9,24.5,-1.3,-14.3,-12.7,35.1,17.1,7.3,-2.8,13.6
Oct-96,8.2,10.4,12.2,-10.2,-13.0,-3.6,19.3,3.2,0.2,-5.1,21.3,23.5,26.3,5.9,-5.4,-23.8,26.6,11.5,3.6,0.0,15.5
Nov-96,11.1,11.5,17.5,-5.7,-8.3,-12.4,13.3,-1.6,2.6,-4.2,18.5,30.2,32.2,6.2,-6.8,-6.9,29.5,11.0,15.5,6.6,20.2
Dec-96,8.1,11.3,12.9,-6.5,-7.0,-2.5,11.6,2.0,-0.4,2.4,32.2,32.4,29.9,-0.4,-2.2,-7.7,31.4,12.6,13.2,7.5,14.2
Jan-97,12.8,19.2,14.5,-10.8,-10.3,-3.9,7.8,2.3,4.9,5.7,26.2,37.4,38.6,1.6,-3.3,-17.8,29.4,16.7,10.5,4.2,13.3
Feb-97,16.9,18.0,11.9,-5.1,-5.3,-7.6,12.2,3.9,1.9,-0.2,27.8,36.7,36.0,12.0,9.0,-7.1,32.4,15.2,16.9,15.5,19.2
Mar-97,13.4,16.0,19.4,-9.5,-3.4,-13.5,11.7,-3.3,4.6,-0.8,23.2,30.3,32.9,4.1,-7.7,-12.4,32.2,20.7,10.4,5.7,16.9
Apr-97,6.5,9.9,15.8,-5.9,-8.0,-8.5,16.8,-2.1,4.1,0.0,23.8,30.0,27.4,2.2,-2.9,-14.5,33.7,13.7,11.8,9.2,14.1
May-97,1.1,5.6,9.9,-6.5,-12.6,-14.8,15.3,-1.6,6.0,-3.3,15.4,9.5,16.4,-11.8,-7.5,-20.1,33.6,6.6,5.3,1.7,16.5
Jun-97,18.0,16.6,8.6,-2.3,-4.1,-4.4,13.5,0.7,8.8,-3.1,18.8,18.5,19.1,-4.2,-9.0,-9.0,23.3,9.8,10.7,-3.8,23.8
Jul-97,20.2,25.1,24.7,-0.4,-4.9,-6.0,17.4,3.5,5.8,-2.4,14.6,16.8,16.3,-3.6,-11.4,-16.2,19.1,11.3,9.9,3.4,15.6
Aug-97,17.2,17.0,16.9,-4.9,-2.3,-6.1,17.2,0.6,9.8,1.1,17.3,17.1,16.9,-4.3,-14.6,-9.5,15.0,4.0,5.8,-0.8,15.7
Sep-97,19.1,21.1,15.8,-1.8,0.1,-3.9,12.9,-1.4,-2.4,-3.0,24.9,30.7,36.0,2.5,-9.7,-0.4,30.3,13.9,3.2,8.4,16.7
Oct-97,19.3,17.1,14.3,-7.2,-8.7,-11.7,17.1,1.1,2.4,0.0,28.2,28.2,27.9,-12.9,-14.2,-6.9,34.7,13.8,15.8,4.3,14.7
Nov-97,19.8,17.4,15.4,-5.9,-6.0,-7.5,17.6,5.3,3.4,-1.9,29.7,28.9,26.0,4.3,-8.0,-5.1,34.3,14.4,9.3,6.3,19.5
Dec-97,15.6,16.2,12.2,-7.8,-8.1,-8.4,20.3,1.9,9.5,1.7,26.9,27.8,27.3,7.4,-5.4,1.7,28.7,18.1,15.1,10.5,22.9
Jan-98,18.6,15.0,16.4,8.6,7.3,-3.8,16.3,3.3,1.0,5.3,18.5,29.1,22.9,4.9,3.7,2.3,27.5,12.1,15.1,10.8,17.6
Feb-98,13.2,21.9,16.7,-0.3,-5.7,-6.6,11.2,0.4,14.3,9.0,15.6,24.5,24.9,-0.4,-3.5,-8.4,24.0,12.0,10.9,4.3,16.0
Mar-98,10.6,14.7,12.4,-2.4,-4.4,-3.3,9.9,-1.9,9.1,-0.4,27.7,28.5,35.2,0.0,-1.8,-9.2,22.5,8.2,12.5,7.8,21.7
Apr-98,8.7,11.1,13.9,-4.6,-4.7,-16.0,3.0,0.8,-5.1,-8.4,22.5,29.8,25.1,-2.7,-4.8,-5.5,23.0,9.7,8.0,-3.2,21.9
May-98,13.2,16.2,11.6,-0.1,1.2,-2.2,2.8,-1.3,4.6,-1.3,23.9,29.5,30.4,2.5,-4.7,-12.0,20.5,10.9,2.6,4.0,16.8
Jun-98,24.1,17.5,21.3,2.2,-5.9,-5.7,2.9,-2.5,6.4,5.6,6.1,13.4,15.3,-5.6,-7.3,-5.8,27.3,8.3,1.4,-4.2,20.7
Jul-98,8.3,8.9,6.6,5.9,5.6,-9.9,-4.6,-6.6,5.0,-4.9,-5.1,2.9,-2.5,-23.5,-18.1,-11.8,26.1,9.6,0.6,-14.5,10.5
Aug-98,10.4,10.6,18.1,-6.6,0.3,-15.3,-7.6,-8.4,6.5,-1.3,5.9,19.4,19.5,-3.7,-9.1,-11.8,15.4,5.7,9.8,0.5,19.5
Sep-98,-14.2,-1.5,8.2,-9.5,-5.8,-14.5,-4.9,-10.9,0.6,-4.1,2.5,14.4,12.2,-3.5,-5.8,-18.1,9.9,-3.1,6.8,-11.3,2.6
Oct-98,3.5,7.6,15.1,-10.3,-1.3,-15.1,-9.7,-11.7,7.6,-0.5,2.4,14.8,11.3,-3.1,-10.5,-6.4,5.9,1.2,5.6,-6.9,9.4
Nov-98,-4.7,-7.0,-0.5,-11.0,-8.2,-14.6,-9.2,-14.2,2.2,-18.0,10.2,18.2,9.4,-5.8,-15.1,-20.7,1.1,4.5,-7.6,-8.2,16.5
Dec-98,4.6,7.1,14.3,-4.5,-6.9,-16.4,-8.1,-11.8,3.0,6.1,17.3,30.1,27.6,-2.2,-12.7,-20.1,13.8,2.8,8.3,-1.8,11.2
Jan-99,13.8,18.5,17.2,-4.3,8.7,-16.8,-7.6,-14.4,2.5,-7.6,26.1,31.2,27.1,0.9,-1.8,2.3,16.2,4.4,11.4,14.0,20.4
Feb-99,15.1,17.5,14.1,-5.8,-3.3,-9.2,-6.8,-6.3,-1.1,-6.8,25.4,26.9,28.1,2.6,-7.4,-8.9,11.6,2.9,10.1,5.6,23.1
Mar-99,4.3,19.5,12.7,-2.6,-6.4,-10.5,0.8,-8.9,-0.9,7.7,22.1,27.2,27.3,-9.5,-13.4,-6.4,15.0,3.4,11.6,3.7,19.6
Apr-99,20.6,18.2,12.0,-1.0,-0.3,-0.2,2.2,-7.9,3.0,8.7,22.4,25.0,27.9,0.4,-8.3,-3.1,14.9,-2.8,6.2,8.7,23.1
May-99,13.1,19.0,16.3,-5.5,-5.7,-15.8,2.6,-7.4,3.5,1.7,24.6,25.3,31.3,8.3,-6.1,0.7,20.4,1.1,7.7,9.8,23.6
Jun-99,5.8,14.3,10.5,-8.2,-1.2,-11.1,9.0,-10.6,2.4,7.5,12.5,23.9,23.1,-0.2,-11.5,-17.0,23.9,4.7,6.6,5.3,21.7
Jul-99,9.8,10.8,15.6,-4.9,-4.1,-9.9,14.9,-3.8,1.1,-2.3,9.7,15.8,15.3,-3.1,-2.4,-2.0,23.6,1.8,0.7,-6.1,17.0
Aug-99,13.8,17.5,16.2,3.3,-1.7,-8.2,12.4,2.5,4.7,4.9,20.2,27.4,22.6,1.9,-3.0,-2.0,26.9,13.6,11.6,13.3,22.2
Sep-99,13.9,9.9,8.7,-2.3,-5.2,-2.5,11.5,2.4,8.1,-3.8,-6.4,8.7,8.5,-4.4,-9.2,-1.8,27.6,10.9,10.9,-4.0,23.9
Oct-99,16.0,28.8,25.0,0.3,-6.3,-10.4,27.3,5.5,8.5,6.2,10.8,22.1,22.4,-4.8,-5.6,-3.6,47.1,15.8,19.9,8.8,24.7
Nov-99,20.9,19.9,31.7,0.0,-0.6,7.8,26.9,10.8,16.2,6.3,21.1,29.6,28.3,8.9,-6.3,-2.0,39.4,11.5,21.4,12.4,19.1
Dec-99,14.2,16.6,15.2,-1.0,-7.9,2.3,26.1,3.5,15.0,-0.1,27.0,28.5,23.0,8.1,-2.5,1.8,37.9,14.9,7.4,3.5,16.2
Jan-00,11.2,4.4,16.0,-0.9,-3.2,5.3,25.0,8.7,12.5,-0.2,22.0,21.2,21.1,5.4,-9.3,-11.5,44.9,24.3,11.1,2.9,22.5
Feb-00,14.5,10.6,20.9,4.4,-0.8,-5.2,38.5,8.8,14.5,6.5,20.2,37.7,33.9,7.8,-10.6,-2.7,56.4,20.7,24.2,8.5,38.3
Mar-00,19.4,16.9,21.6,2.8,-1.1,3.0,30.1,7.6,14.0,15.8,8.0,17.6,12.8,9.6,2.0,-4.9,38.4,21.2,4.4,1.1,19.5
Apr-00,10.0,15.9,15.2,-0.1,0.0,6.5,30.4,16.2,13.9,5.3,4.1,7.2,5.8,3.1,-6.9,-10.8,32.2,13.0,5.2,-3.2,13.9
May-00,13.9,14.2,12.5,-4.4,6.9,5.9,29.0,5.8,7.4,5.4,6.7,8.3,8.7,-9.3,-17.9,-8.3,38.8,18.3,13.2,-6.2,20.8
Jun-00,2.6,7.1,4.8,-12.4,-11.3,-1.5,27.3,5.5,3.6,-2.5,8.3,17.6,13.2,-0.8,-5.3,-6.3,40.8,18.8,12.8,-3.1,12.2
Jul-00,4.7,7.7,14.9,-10.8,-6.3,-2.1,27.4,7.0,6.6,3.5,15.9,24.7,17.8,-1.1,-8.5,-4.5,34.2,10.0,10.0,-6.7,24.6
Aug-00,17.3,14.4,14.6,2.6,-10.3,-13.2,27.7,1.5,14.8,0.1,12.8,11.8,9.7,-2.4,-2.3,-9.1,35.8,16.9,12.8,-11.3,24.0
Sep-00,5.5,13.3,14.1,-16.6,-15.1,-1.8,24.2,-0.6,6.4,-0.6,20.6,27.6,18.9,9.9,4.8,2.9,45.2,19.1,9.7,-3.3,32.5
Oct-00,1.8,3.9,-8.6,-2.1,-5.9,5.6,26.2,3.6,1.6,-9.2,11.4,16.4,9.7,-2.1,-2.5,-17.2,35.7,10.6,3.5,-3.9,24.8
Nov-00,7.1,2.5,18.9,0.2,-9.8,-4.8,23.1,1.1,-4.2,0.0,5.9,12.4,1.0,-11.2,-7.7,-11.0,44.4,15.0,-0.8,-3.4,15.9
Dec-00,-7.8,3.7,3.7,-14.9,-12.0,-10.5,17.6,-1.3,-10.7,-14.8,-3.3,4.3,7.5,-6.9,-9.2,-17.6,28.7,7.5,7.1,-4.3,25.5
Jan-01,-36.6,-28.7,-30.9,-23.3,-17.9,-9.2,15.2,-3.6,-21.3,-27.0,-9.7,5.6,-2.5,-11.0,-20.5,-7.7,26.4,13.4,-15.9,-5.3,5.8
Feb-01,-29.4,-18.9,-32.1,-14.9,-10.5,-2.7,12.2,-2.9,-8.7,-25.2,8.7,15.2,11.8,-4.3,-5.1,-12.4,18.6,13.5,-3.4,-3.1,-6.3
Mar-01,-20.8,-5.9,-4.7,-19.6,-24.1,-23.4,11.2,-5.2,-8.4,-12.0,21.8,26.2,24.3,-2.3,-12.9,-24.2,24.2,9.7,-0.9,-2.2,4.0
Apr-01,-10.8,-7.4,-2.6,-19.1,-17.8,-18.4,4.1,-9.3,-12.5,-26.9,30.9,31.2,33.5,-0.5,-12.1,-17.6,25.0,12.4,15.1,1.6,1.5
May-01,-11.8,-6.2,-2.0,-16.8,-12.7,-11.0,-0.7,-5.2,-14.0,-17.6,32.9,36.6,29.3,0.8,-1.7,-19.4,13.5,14.8,5.4,4.7,9.7
Jun-01,-7.0,-8.2,-6.0,-12.8,-13.7,-19.3,14.5,-8.1,-13.6,-15.3,50.0,48.9,43.5,9.0,-4.3,-13.7,17.3,10.2,11.5,14.2,1.4
Jul-01,-12.6,-5.5,-16.1,-16.7,-13.8,-18.4,-2.4,-10.7,-10.4,-19.2,34.3,39.6,40.6,19.0,-5.9,-18.9,19.0,11.9,3.3,10.7,1.5
Aug-01,-18.1,-17.0,-12.7,-21.0,-27.0,-23.6,-10.6,-11.9,-11.4,-23.4,36.8,43.9,40.2,14.2,-5.0,-15.9,18.6,12.4,-4.9,12.4,6.1
Sep-01,-8.2,-0.9,-7.8,-12.2,-13.1,-26.5,-13.9,-13.2,-17.3,-18.1,43.5,42.3,45.5,13.4,-5.2,-28.2,9.1,8.0,2.7,16.5,9.7
Oct-01,-23.6,-10.8,-10.9,-12.6,-14.8,-19.1,-16.6,-12.0,-25.3,-20.5,47.4,49.8,51.3,16.8,-3.0,-12.7,10.8,12.9,-0.6,15.6,8.3
Nov-01,-17.7,-18.4,-15.0,-13.0,-9.5,-14.2,-14.1,-11.7,-21.0,-10.4,42.4,42.2,38.1,14.7,0.4,-14.4,13.1,8.0,5.1,12.9,-0.8
Dec-01,-11.0,-6.3,-8.8,-15.6,-11.3,-13.1,-9.5,-12.8,-21.1,-15.9,46.5,40.7,38.9,6.0,2.1,-7.9,14.7,15.1,9.5,15.4,11.0
Jan-02,10.5,8.0,9.5,-7.5,-11.3,-14.3,-4.1,-6.6,-9.6,-9.1,58.9,57.1,53.3,23.3,4.2,-1.9,23.5,15.9,14.8,21.9,23.8
Feb-02,11.0,8.5,10.2,-7.3,2.5,-10.7,-5.6,-5.2,-15.7,-6.5,54.9,54.6,52.5,17.0,10.3,-5.1,17.9,15.9,12.8,21.5,9.7
Mar-02,12.4,8.7,6.6,-2.3,-4.5,-6.8,-0.8,-0.4,-5.6,-6.5,57.6,53.8,51.6,24.6,1.7,-0.2,30.7,17.5,19.0,24.9,9.8
Apr-02,12.6,12.7,13.2,1.6,-6.7,-13.6,3.4,0.3,-3.4,-5.1,54.3,54.0,47.6,12.3,-2.5,15.0,33.1,23.2,19.0,23.4,13.9
May-02,10.1,12.0,15.6,-11.1,-9.0,-17.2,15.8,3.5,2.2,1.9,54.4,58.6,51.4,19.7,4.9,3.0,33.0,22.3,18.6,20.1,12.3
Jun-02,20.4,21.1,15.6,8.0,-1.3,-10.1,21.0,8.1,-1.5,1.3,53.2,45.3,44.3,14.9,9.8,-0.6,35.2,23.6,12.2,24.2,21.3
Jul-02,5.9,6.8,7.0,-6.8,-10.7,-13.9,22.4,2.2,-9.4,-8.1,50.2,51.0,44.2,15.0,6.0,-4.0,33.6,26.7,17.6,23.0,21.6
Aug-02,-1.3,2.9,0.9,-10.5,-5.0,4.4,22.2,1.7,-10.5,-6.4,39.9,41.8,40.4,12.9,-1.6,-2.9,33.3,9.0,2.8,9.7,6.0
Sep-02,4.3,4.4,9.8,-6.8,-1.9,-9.7,18.7,3.1,-3.1,-0.8,41.1,40.5,41.4,17.2,2.5,-0.3,35.3,13.4,13.4,13.7,16.6
Oct-02,-7.6,2.4,0.7,-16.9,-9.9,-4.4,19.3,-4.5,-3.8,-4.2,49.1,45.6,46.2,16.2,5.2,-1.5,36.1,20.9,16.7,19.6,17.7
Nov-02,7.4,10.3,6.0,-4.4,-8.0,-4.6,16.9,-4.5,0.0,-3.8,44.8,42.0,43.8,16.7,-1.3,-5.8,16.7,10.3,15.9,11.9,24.6
Dec-02,7.2,6.8,-1.6,-4.6,-2.9,14.8,17.3,3.5,-4.9,-3.2,49.5,46.1,46.1,14.6,2.2,-2.8,24.4,19.4,12.8,22.4,10.3
Jan-03,5.5,10.3,15.8,-3.8,-5.7,-14.1,12.4,6.1,-6.4,-1.4,39.6,39.8,37.4,13.2,5.1,-4.3,17.0,8.3,9.8,12.8,9.6
Feb-03,-1.6,9.4,-1.2,-6.4,-15.8,-11.5,16.9,0.7,-3.1,-9.3,27.5,33.1,32.6,5.8,-2.5,-1.3,28.4,4.8,16.0,9.8,12.0
Mar-03,-3.9,-0.2,2.5,-7.9,-9.9,-6.7,21.5,-5.5,-7.6,-7.6,48.3,47.0,45.4,13.4,4.5,2.2,37.2,19.1,7.0,11.8,16.7
Apr-03,-6.7,-8.5,-5.1,-14.8,-6.9,-5.3,20.3,7.3,-10.5,-8.5,49.1,48.4,45.9,15.4,2.0,-2.1,19.4,15.6,11.7,11.8,14.2
May-03,-0.6,1.7,1.7,-8.9,-9.9,-8.3,7.1,-1.4,-12.0,-7.1,47.8,50.6,48.0,16.5,1.8,-3.7,29.2,5.0,9.8,17.7,9.0
Jun-03,3.7,3.3,2.9,2.0,-7.2,4.5,7.6,-6.4,-10.0,-6.8,51.8,58.1,52.5,25.8,3.8,-4.8,21.2,10.7,15.0,15.5,13.6
Jul-03,7.7,11.0,9.3,1.2,-4.4,4.1,-0.4,-6.2,-2.2,4.0,58.3,60.2,51.6,26.8,3.8,-0.5,23.2,10.0,20.6,24.2,13.9
Aug-03,20.2,16.9,17.0,4.8,-0.6,2.4,16.0,0.5,-5.5,6.4,58.4,55.6,52.2,19.3,3.2,2.2,20.4,9.4,18.5,17.9,15.6
Sep-03,20.6,19.7,16.2,7.5,-3.0,0.6,19.9,2.1,-2.3,4.0,62.0,62.9,59.8,24.9,11.0,2.5,26.7,11.3,21.6,19.6,13.1
Oct-03,28.3,26.7,27.7,12.2,4.6,-5.7,22.7,5.9,5.0,12.4,54.9,51.2,47.4,20.4,1.4,9.0,31.6,13.4,31.7,11.3,15.4
Nov-03,26.8,22.8,28.2,8.9,0.0,-10.9,25.1,6.1,2.1,3.7,56.5,56.1,51.4,15.3,10.7,5.1,33.7,19.4,19.8,14.2,16.8
Dec-03,26.5,33.6,32.3,11.8,2.0,-3.8,31.0,6.2,17.8,15.7,49.7,49.9,50.8,21.9,2.3,4.0,36.7,21.6,17.2,24.9,23.1
Jan-04,36.1,32.8,29.7,11.5,-0.3,-3.0,33.2,10.0,15.5,10.3,56.2,49.4,51.7,16.4,11.0,7.5,49.4,34.1,16.7,16.4,22.6
Feb-04,27.7,27.3,18.8,6.7,4.4,2.5,45.0,17.2,12.5,19.8,52.4,56.1,50.5,29.5,11.1,17.7,46.8,34.9,20.1,17.0,22.8
Mar-04,29.6,26.3,26.1,10.3,16.4,-6.4,54.2,21.3,14.9,21.0,41.4,35.9,40.4,13.9,8.0,-2.9,54.0,29.9,26.5,14.7,20.8
Apr-04,32.3,26.2,28.6,1.5,-0.2,8.8,50.0,13.9,13.2,7.0,37.5,41.1,41.7,16.0,3.9,-2.1,46.7,18.4,24.3,16.1,27.9
May-04,28.9,23.6,26.4,10.5,8.9,6.6,55.5,28.5,21.9,15.4,43.8,41.9,43.3,15.4,3.7,4.3,39.4,31.0,31.6,7.6,22.1
Jun-04,30.6,27.4,31.8,12.6,7.3,14.8,53.9,31.0,18.9,13.7,40.5,39.1,40.3,5.6,-0.2,4.0,43.6,31.0,22.6,8.7,20.5
Jul-04,34.7,35.2,39.3,16.4,15.0,3.8,51.5,34.3,22.9,13.5,37.7,35.6,40.6,4.5,-3.4,4.4,45.8,33.5,21.7,7.9,27.2
Aug-04,25.0,18.7,30.0,0.7,-7.1,1.1,55.6,33.0,18.6,8.3,44.8,44.2,45.2,15.0,3.6,3.5,47.2,39.6,23.9,12.6,23.5
Sep-04,19.6,26.5,25.9,3.8,4.0,0.7,54.6,32.9,22.9,8.5,44.4,40.8,35.8,7.5,2.4,-2.6,47.8,35.4,25.1,14.6,19.6
Oct-04,26.9,20.2,27.1,-1.5,2.0,1.5,55.4,32.3,13.5,5.4,28.0,39.0,30.2,7.2,-1.4,-6.7,50.0,40.4,21.9,15.3,24.7
Nov-04,19.1,22.0,20.3,-1.5,-4.5,-3.7,52.2,29.9,14.7,4.5,47.8,51.8,45.8,15.1,0.1,4.8,53.0,41.0,27.8,12.4,25.2
Dec-04,25.5,20.3,22.1,2.8,1.3,-4.1,52.7,20.0,12.8,17.7,36.7,42.3,37.0,6.0,0.5,-7.9,58.6,37.7,20.8,7.2,28.9
Jan-05,13.5,11.1,15.9,-4.0,-2.1,-3.8,62.7,23.8,16.5,6.5,28.5,36.2,31.6,7.9,-1.4,-8.8,48.9,33.7,24.9,6.3,20.8
Feb-05,21.1,14.0,22.1,-2.6,4.0,-6.1,47.9,23.2,12.8,8.5,26.1,31.4,33.8,8.1,2.6,-11.6,60.5,38.8,11.3,5.5,23.8
Mar-05,15.1,16.0,16.7,0.0,2.9,0.1,35.8,18.2,14.0,9.3,36.1,37.1,42.2,7.3,2.8,-2.2,47.0,26.3,22.8,7.5,27.7
Apr-05,25.2,20.4,30.7,-2.6,3.7,3.5,49.9,27.5,16.5,15.0,27.4,32.9,32.0,4.2,4.5,-7.8,48.9,37.8,18.9,11.6,31.9
May-05,9.3,16.7,18.7,-3.5,0.0,0.3,28.9,17.7,7.1,-0.4,21.6,19.6,21.3,-5.7,-6.2,-12.8,33.6,17.6,12.9,3.2,15.5
Jun-05,-1.3,3.3,11.1,-16.3,-10.5,-1.3,24.8,12.3,7.8,4.1,30.5,36.8,36.7,2.8,-2.8,-6.6,29.6,26.7,19.7,13.7,20.4
Jul-05,8.1,5.4,11.0,-10.7,-2.0,-10.8,27.0,11.7,3.5,6.5,14.6,24.3,21.9,-3.7,-3.0,-20.5,42.0,23.1,5.7,0.4,13.2
Aug-05,11.2,13.7,13.2,2.5,-1.0,-9.1,26.4,1.9,4.2,1.6,25.1,25.9,26.9,-3.3,-11.3,-8.3,42.5,28.5,7.8,5.8,19.3
Sep-05,7.1,-1.0,13.4,-10.5,-1.7,-1.8,50.4,6.3,2.2,-0.2,7.6,12.8,9.4,-6.1,-5.2,-3.7,67.3,32.3,13.0,-4.3,12.4
Oct-05,4.8,20.2,21.8,-2.2,-0.5,-1.0,23.6,12.4,13.7,-1.9,19.0,24.2,25.1,-7.7,-1.2,-16.7,21.4,21.9,17.0,0.8,15.4
Nov-05,10.3,14.7,22.1,-7.6,6.9,0.5,54.1,32.7,18.1,11.5,30.0,35.9,32.4,6.2,2.7,-2.6,57.6,40.4,13.6,9.3,23.1
Dec-05,12.9,6.7,3.3,0.7,0.4,3.3,49.5,29.0,8.5,4.8,39.1,44.5,43.0,11.8,-0.2,5.5,44.5,31.6,22.6,13.3,18.7
Jan-06,5.4,13.1,17.3,1.2,8.0,6.8,43.8,19.4,10.9,6.1,30.5,39.0,31.8,9.9,1.2,0.1,38.7,23.9,18.8,10.8,16.2
Feb-06,15.3,15.8,24.2,9.0,7.2,8.6,36.5,17.6,12.8,9.2,30.2,37.0,30.7,6.9,-0.8,2.6,38.2,27.7,22.6,11.9,23.9
Mar-06,14.7,22.6,24.9,8.6,5.5,14.4,25.8,16.1,9.9,8.8,22.8,34.9,27.3,5.0,1.1,-4.2,36.7,33.0,22.1,6.5,23.6
Apr-06,14.2,13.6,21.2,6.4,-4.0,-4.6,31.8,16.1,21.3,8.3,24.8,35.8,39.3,7.2,-1.0,0.1,44.0,20.8,23.1,6.5,18.4
May-06,13.7,3.1,13.5,-2.4,9.1,-3.0,51.8,13.3,0.5,10.3,17.2,23.6,18.0,2.7,2.1,4.6,55.2,33.4,9.5,1.4,17.5
Jun-06,11.7,15.2,19.8,-0.4,0.9,-4.4,43.5,15.6,6.8,8.2,5.9,13.0,15.1,-8.6,-8.8,-10.4,45.3,29.5,14.7,-2.3,15.6
Jul-06,4.0,7.4,9.8,-9.2,-2.3,-2.5,44.2,15.8,13.5,-0.4,12.4,18.0,16.3,-0.7,-0.5,-1.7,40.5,32.2,9.1,1.0,16.4
Aug-06,12.5,9.8,18.1,-4.9,-0.2,5.0,43.7,15.3,4.4,12.1,2.9,15.8,14.7,-2.5,-0.6,-2.1,43.4,25.2,10.9,-0.6,7.6
Sep-06,-0.8,-2.7,-9.0,-6.9,-1.3,2.2,38.0,19.8,8.2,2.1,-1.5,7.3,9.1,-7.3,-10.1,-3.6,33.8,21.0,6.2,-2.3,13.8
Oct-06,2.3,11.7,10.6,-9.5,-4.8,13.4,30.2,16.7,7.2,-1.4,14.8,24.8,26.1,-0.4,0.1,-5.4,36.1,27.3,14.5,7.9,9.5
Nov-06,4.5,0.7,7.9,-4.5,3.2,1.9,27.0,8.5,2.3,1.1,16.5,20.5,26.7,0.5,0.3,-2.2,37.7,19.6,15.7,8.0,19.9
Dec-06,-1.8,-1.9,11.4,-18.3,-6.4,-2.1,23.9,10.8,8.5,-4.0,16.1,24.1,26.3,2.3,-3.5,1.7,39.3,30.0,16.2,3.8,6.6
Jan-07,7.5,3.9,21.3,-14.7,-7.6,0.2,16.0,10.0,7.3,0.3,24.0,26.3,31.0,-0.7,-7.6,-8.1,31.7,28.1,20.8,8.7,20.7
Feb-07,3.5,3.1,3.3,-11.2,-5.3,-2.7,21.4,9.0,2.5,-11.1,22.8,27.4,26.7,-6.1,-12.5,-7.4,31.9,16.4,19.4,5.4,20.9
Mar-07,2.8,4.2,8.9,-15.5,-9.5,-0.3,26.0,17.1,6.0,-2.5,23.3,28.6,27.8,3.4,-9.3,-3.5,30.7,18.4,14.2,8.1,27.5
Apr-07,2.9,4.9,9.7,-13.6,-13.7,3.1,26.5,6.0,8.3,6.1,22.7,23.3,24.3,-0.6,-7.3,-2.8,33.0,19.6,15.7,7.3,14.5
May-07,3.7,8.1,8.3,-8.4,-8.1,-4.0,27.7,5.2,9.8,-4.7,22.8,25.4,23.4,1.6,-4.4,-8.8,37.6,25.3,17.6,12.0,12.1
Jun-07,17.3,14.9,6.3,-0.1,-2.4,-9.5,22.0,4.4,4.1,0.2,11.3,19.2,25.9,-0.4,-5.9,-5.4,31.3,21.1,9.3,6.8,18.2
Jul-07,6.8,8.5,19.8,1.1,-2.2,-2.9,21.3,6.5,6.6,2.8,27.0,37.4,38.4,8.9,-0.1,-7.2,37.0,20.1,22.9,17.1,18.1
Aug-07,-0.5,3.2,9.7,-5.9,-3.6,-7.0,11.2,4.1,16.7,13.7,30.8,35.5,32.2,2.1,-6.9,-11.4,39.2,19.8,27.2,7.9,25.7
Sep-07,7.5,12.7,11.5,-5.0,-8.0,0.5,24.6,3.5,5.1,8.4,32.3,37.8,37.4,7.5,-7.3,-7.4,43.2,27.5,21.4,4.9,17.2
Oct-07,7.8,4.7,1.7,-6.6,2.0,-11.4,37.6,12.0,8.9,4.5,38.9,36.5,33.0,3.0,-7.2,-8.3,52.5,38.1,28.7,5.5,21.3
Nov-07,6.7,5.3,4.2,-8.6,-10.6,-0.8,42.4,20.5,4.0,-0.1,21.2,27.7,26.3,3.6,-11.9,-8.1,54.6,35.9,16.9,4.4,7.6
Dec-07,-5.4,9.6,15.6,-3.9,-3.8,-7.9,40.5,19.0,1.8,4.2,21.9,24.3,18.9,-3.7,-8.4,-0.3,48.5,31.1,21.3,12.0,24.3
Jan-08,-18.4,-13.2,-4.5,-7.0,-4.3,-10.9,51.9,30.7,0.4,-15.8,10.2,15.0,18.4,-6.2,-8.2,-9.1,59.6,35.7,21.5,2.1,16.1
Feb-08,-20.3,-9.8,-10.8,-9.9,-4.5,-14.4,49.0,23.7,3.8,-2.8,-12.4,-4.9,8.3,-8.6,-6.5,-15.7,39.6,34.6,-4.1,0.7,5.4
Mar-08,-14.7,-6.4,-4.5,-15.3,-6.2,-9.8,52.0,21.7,-1.9,-8.1,5.6,15.6,16.6,-10.5,-13.0,-21.6,62.9,35.7,6.2,-0.3,3.1
Apr-08,-21.3,-15.5,-1.9,-17.5,-0.6,-19.1,50.4,30.3,-4.4,-8.7,10.6,16.1,14.4,-10.3,-11.7,-14.3,55.3,31.5,4.4,-8.6,14.2
May-08,-16.1,-2.7,0.2,-16.5,-13.3,-11.4,50.8,32.5,-2.4,-5.6,20.0,32.7,28.8,8.0,-2.6,-11.6,51.6,24.7,11.4,4.4,17.4
Jun-08,-16.8,-17.3,-7.8,-9.1,-6.2,-15.3,64.0,28.0,-8.8,-7.2,14.3,19.9,19.5,3.3,2.7,-14.0,65.2,32.2,5.5,0.4,3.8
Jul-08,-16.2,-13.6,-6.6,-17.7,-11.7,-13.5,71.0,27.7,-5.5,-10.5,12.6,20.7,20.9,-1.7,-9.4,-6.2,63.3,44.0,8.5,3.3,7.1
Aug-08,-17.6,-14.5,-5.0,-15.2,-10.2,-11.1,52.9,23.7,-5.3,-11.1,22.2,33.6,31.4,3.1,-1.3,-4.9,52.3,28.7,6.9,10.6,11.5
Sep-08,2.1,6.4,-0.4,-13.5,-7.2,-24.7,34.1,17.7,-3.3,-8.6,26.5,34.5,32.8,-0.2,-2.3,-13.7,38.9,27.6,9.5,5.1,14.0
Oct-08,-37.5,-28.7,-15.5,-28.0,-18.4,-17.1,9.3,5.0,-19.5,-19.6,-4.9,-6.0,-11.7,-17.8,-25.3,-21.3,18.1,9.6,-12.9,-14.3,-3.4
Nov-08,-40.9,-31.8,-22.1,-28.2,-18.6,-19.9,-20.2,-11.9,-26.5,-25.2,-3.3,-2.3,-6.2,-13.3,-13.1,-23.7,-0.4,-4.5,-22.3,-11.8,-10.3
Dec-08,-37.6,-29.4,-29.9,-32.6,-26.1,-32.0,-28.4,-32.7,-31.1,-35.3,-1.6,5.3,7.8,-7.7,-16.1,-41.8,-20.4,-14.1,-25.8,-14.3,-18.7
Jan-09,-31.1,-23.0,-19.8,-32.7,-27.2,-34.0,-25.7,-27.2,-38.8,-31.5,8.8,13.2,8.6,-7.9,-15.7,-26.5,0.2,-10.1,-23.6,-10.2,-16.8
Feb-09,-39.6,-31.7,-33.6,-31.5,-28.0,-28.7,-15.1,-28.8,-44.6,-45.0,17.3,19.7,17.1,5.4,-8.7,-20.8,3.2,-14.3,-12.7,-2.5,-16.6
Mar-09,-34.4,-39.2,-26.5,-23.4,-30.2,-52.2,-34.4,-34.0,-51.8,-32.4,14.4,14.1,11.4,-9.5,-5.4,-22.9,-8.4,-21.1,-14.5,-2.6,-17.4
Apr-09,-25.2,-24.7,-31.4,-21.8,-20.7,-36.9,-35.5,-40.9,-39.4,-38.2,32.6,31.2,29.0,7.2,4.3,-32.1,4.6,-6.1,-10.5,8.0,-3.5
May-09,-22.4,-22.0,-19.6,-15.8,-18.0,-27.6,-24.4,-31.2,-29.8,-23.4,43.8,40.5,40.7,14.6,-3.7,-13.4,16.8,-3.1,0.3,11.2,-1.7
Jun-09,0.2,-9.6,0.3,-16.0,-16.6,-20.7,-10.9,-17.5,-23.1,-23.7,53.0,52.2,51.5,17.9,3.7,-8.1,21.5,0.6,10.0,34.5,0.4
Jul-09,-6.6,-2.6,-9.7,-13.3,-11.0,-21.1,-2.4,-21.1,-22.6,-15.0,50.0,45.9,42.5,13.6,5.4,-3.5,24.4,9.8,8.5,14.9,0.6
Aug-09,8.9,6.5,3.9,-9.0,-5.1,-1.0,10.8,-2.5,-14.1,-3.5,55.4,46.9,48.8,15.4,4.3,6.7,28.2,16.1,12.1,24.5,2.3
Sep-09,15.2,7.0,11.7,-6.7,-8.3,-18.7,18.9,-6.8,-14.1,-1.5,47.7,47.9,46.7,17.5,6.2,2.1,40.4,10.7,15.6,21.7,-1.2
Oct-09,12.6,8.9,4.7,-3.1,-7.7,-25.3,20.6,-3.5,-6.7,-4.6,41.7,40.1,40.5,13.1,3.1,2.5,34.8,12.8,10.8,20.1,8.0
Nov-09,15.4,11.9,12.1,-5.7,-10.0,-16.6,23.0,-1.7,-3.8,-3.2,41.3,40.7,36.5,9.8,-0.6,10.9,35.7,5.1,12.3,15.5,12.2
Dec-09,16.5,3.3,14.3,-3.2,0.6,-5.2,30.1,-2.4,3.8,1.7,33.6,30.5,31.9,12.3,-5.4,1.8,27.1,18.3,16.0,21.3,12.8
Jan-10,12.9,4.3,9.8,0.1,4.5,-2.6,27.6,-0.7,3.5,3.2,41.0,41.6,39.0,17.7,6.5,4.0,40.5,13.5,17.4,22.2,15.1
Feb-10,14.0,18.3,10.8,-9.4,-3.9,-1.7,25.7,-1.9,3.0,-1.2,35.9,40.2,44.1,9.9,5.2,6.8,46.0,19.3,16.5,24.0,23.6
Mar-10,14.2,6.9,10.3,-7.3,5.1,-9.7,32.0,-3.6,5.8,4.2,46.4,43.3,39.5,15.8,-1.6,2.9,47.6,19.5,21.2,26.3,8.0
Apr-10,16.0,10.1,4.7,-4.8,1.1,-1.3,34.5,-2.8,6.6,6.5,43.0,45.6,39.7,20.9,10.2,6.9,48.1,20.1,19.7,15.5,10.7
May-10,22.2,7.9,15.7,1.6,0.6,-7.7,35.8,4.8,3.9,6.3,40.2,49.2,42.4,5.1,-0.6,-1.2,34.4,16.4,24.2,15.5,9.3
Jun-10,15.0,8.2,15.2,5.1,10.0,1.5,19.2,-5.1,-0.6,1.4,39.8,33.8,30.4,6.3,-5.6,2.3,38.3,18.4,17.6,24.0,2.2
Jul-10,7.7,-1.0,6.5,-4.0,-6.7,2.5,21.5,-4.6,8.3,3.6,28.7,23.4,25.6,-0.3,-8.6,-9.8,34.6,15.5,13.2,10.6,9.2
Aug-10,3.6,-0.3,4.8,-3.3,-4.7,-7.8,20.5,-8.3,0.8,-9.1,26.2,32.7,29.3,5.8,0.2,-9.0,38.3,9.9,4.8,1.3,15.4
Sep-10,4.5,-2.3,4.1,-5.2,-1.8,-16.3,18.1,-7.3,3.6,-14.6,26.6,22.0,22.7,-2.1,-10.5,-7.4,26.2,12.1,7.0,2.4,9.1
Oct-10,0.3,-3.9,-1.9,-11.0,1.8,-11.4,32.7,-5.6,6.0,-5.1,41.8,43.5,36.0,10.2,3.1,1.2,45.9,18.3,22.8,24.2,23.4
Nov-10,19.1,8.9,13.8,2.1,1.7,-5.4,34.0,-0.8,11.0,5.6,47.0,39.6,40.2,12.0,6.8,-7.3,52.5,31.3,23.1,20.1,21.3
Dec-10,15.4,7.4,5.3,-0.1,3.4,-1.4,42.7,5.3,4.0,14.0,47.0,43.1,42.3,15.2,5.5,6.7,56.3,24.2,29.5,21.7,30.5
Jan-11,16.5,20.1,11.2,5.9,-0.2,7.2,48.3,12.6,14.1,10.4,43.8,35.9,38.1,10.6,12.5,6.5,58.8,34.6,29.9,20.1,28.5
Feb-11,28.8,19.7,24.5,10.4,4.0,-1.5,61.6,13.7,17.7,7.9,41.9,38.7,43.8,16.2,2.6,1.6,68.2,31.6,23.7,12.7,13.5
Mar-11,36.5,34.1,28.6,11.3,4.7,8.6,59.2,17.9,14.9,8.7,57.0,55.4,54.7,14.8,5.8,5.3,61.6,33.5,26.3,15.0,29.8
Apr-11,12.9,13.7,21.1,7.9,9.4,-1.0,52.7,22.9,11.6,12.1,35.7,30.9,36.4,11.9,1.4,9.6,56.4,36.4,34.8,17.5,20.0
May-11,6.2,8.3,9.4,-3.2,0.0,-6.3,51.2,20.6,23.2,5.6,26.2,25.3,28.7,2.5,-0.9,5.3,54.8,28.5,22.8,11.6,24.6
Jun-11,-0.5,-5.2,7.5,-8.4,-12.5,-6.8,35.9,6.1,4.5,4.6,8.5,8.5,8.6,-6.6,-7.9,-13.7,40.7,6.8,5.6,4.1,10.8
Jul-11,7.1,4.2,7.2,-11.3,6.9,1.5,34.1,5.7,11.3,-2.5,28.6,32.1,27.8,6.1,3.7,9.8,48.3,17.2,14.5,6.0,18.1
Aug-11,-19.6,-17.5,-2.5,-14.8,-12.1,-7.6,23.5,-3.1,0.7,-7.7,12.6,26.9,23.3,2.7,-4.3,-15.4,42.7,22.8,14.5,1.2,9.0
Sep-11,-10.6,-5.6,-9.2,-8.0,-4.9,10.6,30.0,6.4,7.5,-5.0,18.1,19.5,21.9,3.8,-3.3,-9.7,38.3,20.5,7.8,4.4,6.3
Oct-11,6.2,5.9,8.6,-0.2,0.7,-5.6,22.8,1.7,6.6,3.9,26.1,28.6,29.6,4.3,-2.1,-7.8,41.4,27.6,16.8,7.8,15.6
Nov-11,4.0,1.6,6.3,-2.9,1.6,5.7,21.8,5.2,10.8,6.2,36.4,36.2,33.7,7.9,-3.1,-8.5,34.4,26.2,25.8,3.2,15.9
Dec-11,2.4,4.4,5.3,1.7,-1.8,-10.3,25.0,5.6,10.2,-2.2,33.7,38.6,31.6,5.2,-4.3,-4.6,42.7,21.1,10.5,1.3,14.1
Jan-12,7.5,10.6,4.6,-5.7,-5.7,-1.9,26.1,9.1,9.6,7.5,43.5,43.5,43.7,14.2,-3.2,-0.8,47.9,21.9,19.1,7.5,24.5
Feb-12,10.3,11.5,8.9,-1.0,-4.3,-14.6,33.7,10.4,-1.3,7.0,30.2,32.2,28.2,8.6,-2.7,0.5,51.1,26.4,21.6,10.0,16.3
Mar-12,8.8,0.0,1.5,-10.7,-8.5,-1.2,17.4,6.9,4.8,1.2,30.4,37.1,30.9,9.8,-2.9,0.5,38.7,24.8,20.5,11.8,10.9
Apr-12,5.6,0.6,-3.2,0.6,0.1,5.6,21.7,9.6,15.0,-6.1,39.9,42.4,34.9,10.7,-5.9,10.3,37.2,25.1,27.5,9.5,21.3
May-12,-0.8,2.2,9.0,-5.2,-11.1,2.5,10.0,1.1,1.3,-2.7,24.9,35.4,31.0,8.3,-3.0,-8.4,40.4,9.3,15.3,0.2,7.2
Jun-12,-12.6,-17.8,-11.1,-10.4,-11.9,-5.6,1.0,-6.4,3.7,-15.7,25.4,34.3,37.1,2.9,-6.5,-10.2,32.8,16.8,16.4,4.8,14.5
Jul-12,-12.7,-3.5,-11.1,-8.9,-16.3,-4.3,8.1,3.3,-6.0,-16.5,21.5,25.5,19.6,3.0,-13.9,-11.5,27.3,20.3,12.5,12.8,3.0
Aug-12,-2.6,1.6,-2.6,-10.2,-8.2,-5.4,16.3,7.0,-5.0,-9.7,20.0,25.9,17.4,3.3,-1.5,-0.3,34.9,23.9,14.5,7.1,8.7
Sep-12,0.2,0.7,-12.9,-7.6,-8.7,-20.1,12.9,2.8,-7.6,-5.5,31.7,42.7,34.9,9.0,5.8,-5.3,38.3,24.8,14.2,11.7,3.0
Oct-12,-1.2,-4.7,-6.7,-11.0,-15.8,-3.3,17.4,4.8,-9.1,-7.5,17.2,20.8,20.8,7.6,-1.0,-2.8,44.3,14.9,9.1,10.4,2.3
Nov-12,-10.6,-7.3,-6.5,-7.0,-14.7,-14.7,22.2,4.8,-7.7,-8.5,16.6,22.5,23.9,1.2,-4.3,-0.5,45.8,10.6,4.2,6.6,2.2
Dec-12,2.5,2.6,12.4,-1.7,-4.9,-11.0,21.1,9.2,2.0,-3.0,22.4,28.9,27.3,3.8,2.8,-4.5,41.9,21.7,15.1,13.5,16.9
Jan-13,-1.4,-2.0,0.4,-1.0,-2.9,-1.2,13.0,0.6,-5.6,-4.1,29.0,31.9,36.7,5.0,-3.2,-3.7,35.1,21.8,12.6,9.6,9.8
Feb-13,-5.5,0.5,2.6,-10.6,-4.6,-10.8,13.3,0.3,-1.3,-0.1,31.9,38.9,33.6,8.9,1.1,-3.1,35.1,23.1,16.5,7.9,16.6
Mar-13,2.0,0.2,6.0,-6.4,-7.5,-1.3,13.3,1.1,1.1,-11.3,35.5,38.0,34.0,11.8,1.2,-5.8,35.2,20.3,9.5,8.7,3.2
Apr-13,0.4,0.6,4.6,-8.2,-7.1,-20.4,11.4,-2.4,-5.8,-4.2,30.6,34.4,34.1,4.3,-1.1,-3.8,31.5,16.8,12.7,10.6,8.3
May-13,0.3,-4.1,-0.2,-4.7,-4.0,3.1,12.4,0.2,-7.1,-8.1,39.5,42.1,39.2,13.9,2.0,0.3,35.4,19.6,15.0,13.3,11.3
Jun-13,12.7,11.7,8.2,-6.8,-6.6,-4.3,16.6,11.3,-3.3,1.8,37.2,40.1,39.7,14.1,4.8,-0.7,29.6,24.1,23.5,6.9,22.6
Jul-13,15.9,7.7,8.8,-2.6,-1.8,-17.1,18.9,5.6,7.1,3.7,41.6,52.3,44.9,21.4,9.0,23.0,40.2,24.7,32.8,11.7,26.3
Aug-13,8.0,8.9,2.7,-0.9,-7.0,-10.2,17.8,13.0,8.1,-1.6,38.5,39.1,38.9,9.9,2.0,6.4,34.1,23.0,22.4,12.6,19.0
Sep-13,20.6,19.2,18.7,2.4,-3.0,-1.9,22.2,11.9,7.1,10.2,48.9,51.5,48.2,13.8,4.6,8.7,37.4,27.2,22.4,13.4,25.7
Oct-13,13.4,23.0,16.9,4.3,4.8,4.4,18.4,9.4,13.5,7.8,55.5,61.2,51.8,16.6,-2.4,5.8,41.6,34.1,26.2,9.6,25.7
Nov-13,4.7,9.0,5.4,-6.6,-1.2,9.3,23.5,6.8,-0.9,-10.6,42.0,46.0,40.7,12.4,2.2,0.7,40.8,36.1,24.2,15.9,17.7
Dec-13,3.9,12.1,9.3,-4.7,-8.2,10.2,17.6,9.4,4.0,1.4,41.1,44.6,39.5,12.3,2.5,-1.2,40.0,28.0,20.7,8.0,13.5
Jan-14,15.4,7.9,12.8,0.9,-0.9,-12.7,20.1,7.7,10.8,-0.6,38.1,40.7,37.0,14.5,-3.7,0.5,37.5,13.8,21.3,7.0,21.3
Feb-14,2.0,4.3,-5.8,-0.7,0.4,1.4,16.8,10.3,6.9,-2.5,43.7,39.5,41.8,12.5,1.5,7.4,28.9,19.9,19.0,1.8,22.2
Mar-14,12.6,6.6,11.7,2.9,-1.2,-5.1,21.1,6.9,3.3,3.3,42.2,38.5,46.2,5.6,5.3,14.1,33.1,20.0,31.2,5.3,26.2
Apr-14,16.9,17.1,24.5,4.5,-7.7,0.9,20.7,10.0,6.5,7.9,39.2,38.7,40.9,6.9,6.6,13.1,39.1,21.6,20.7,3.6,24.5
May-14,18.3,14.6,19.4,1.3,-2.1,-0.3,26.3,16.8,7.2,6.2,43.8,42.6,44.5,13.8,2.7,17.1,39.2,30.0,26.6,9.0,23.2
Jun-14,14.2,10.3,15.5,8.8,5.5,-4.6,25.4,9.4,12.9,6.7,53.4,55.6,47.7,20.3,-4.0,24.6,42.2,30.0,28.6,14.8,29.3
Jul-14,21.4,29.5,27.5,6.6,7.8,8.0,30.4,14.4,13.3,8.4,53.8,48.8,53.2,10.4,1.3,7.8,36.5,21.7,27.6,11.8,19.7
Aug-14,22.6,15.4,14.5,-4.4,2.3,7.4,21.8,6.4,13.1,9.5,62.0,51.5,58.0,20.9,8.3,8.0,45.0,27.6,21.6,12.8,15.8
Sep-14,21.8,13.7,16.9,3.2,1.6,5.1,21.6,7.8,17.4,2.4,46.2,44.6,51.1,15.5,3.2,6.3,39.1,25.7,30.9,6.3,23.1
Oct-14,18.1,16.7,16.9,8.7,-0.4,13.1,25.4,17.7,10.0,-0.8,50.9,49.1,50.1,11.2,12.8,5.4,31.1,21.2,26.4,16.0,21.4
Nov-14,35.7,29.8,29.9,4.1,2.8,5.5,14.4,9.1,18.0,6.4,50.1,44.3,47.2,16.5,5.5,7.8,32.5,18.1,28.9,11.5,22.2
Dec-14,21.7,14.8,12.3,3.9,-1.0,3.2,16.7,12.6,6.4,1.4,47.2,43.9,43.9,17.0,4.5,8.1,25.1,19.7,25.2,16.7,22.3
Jan-15,13.4,10.3,-5.4,-4.2,-7.9,0.9,11.9,1.0,0.0,-4.4,53.9,46.9,44.5,13.1,9.8,7.8,30.8,21.1,26.0,14.0,17.0
Feb-15,10.7,7.7,9.4,8.6,-2.5,15.0,6.3,3.3,5.5,-2.6,34.7,46.1,42.4,13.9,2.0,3.3,34.5,22.8,26.5,14.9,22.9
Mar-15,7.3,0.8,-3.4,-15.2,-12.2,-1.4,0.8,-5.5,3.3,-9.3,37.4,37.5,37.1,12.4,4.0,4.4,29.2,8.6,17.6,-1.3,11.1
Apr-15,9.5,4.3,4.0,-3.5,4.2,4.2,0.0,-3.6,10.1,6.0,39.6,33.7,39.1,17.7,0.8,0.2,20.9,14.6,22.2,6.4,15.6
May-15,5.7,4.6,3.6,0.5,-1.4,-0.8,-14.6,-8.3,5.4,-4.0,38.2,35.2,35.3,13.9,4.9,1.3,24.1,20.9,22.5,9.8,15.4
Jun-15,8.3,10.9,11.9,-0.1,-6.1,0.9,8.7,-0.3,5.8,2.9,43.5,47.9,56.4,22.3,16.6,4.8,39.0,12.5,21.9,21.8,11.4
Jul-15,4.6,3.8,1.5,-8.0,-5.5,-6.1,17.2,1.0,0.8,1.3,40.6,45.6,49.4,29.8,7.3,0.3,33.9,16.3,21.6,12.1,8.8
Aug-15,5.5,6.7,11.3,-1.5,-2.2,-0.9,3.6,-2.9,10.1,6.4,35.1,39.3,28.0,20.5,2.3,11.2,35.2,7.7,21.3,-3.2,16.4
Sep-15,-3.6,10.5,10.7,-7.2,-0.9,-2.8,-2.4,-4.8,8.1,3.8,37.1,41.4,39.3,11.9,-0.2,0.7,25.5,4.7,15.4,3.8,28.2
Oct-15,-4.9,-6.4,-4.4,-11.3,-4.5,-13.4,1.5,0.3,-3.9,-6.2,34.9,36.5,34.8,7.6,-1.3,-8.5,17.7,8.1,11.5,1.4,8.4
Nov-15,-3.3,-7.3,-3.0,-2.0,-3.2,-8.7,-6.8,-1.0,0.0,-16.4,37.4,44.2,40.0,14.2,-0.1,-4.1,23.1,9.7,26.0,16.2,24.9
Dec-15,-9.1,-8.4,0.5,-16.6,-7.0,-3.3,-6.2,-4.1,1.7,2.7,18.4,29.6,31.2,5.6,-3.9,-5.8,23.7,13.1,6.2,-1.7,8.0
Jan-16,-4.3,-2.7,5.0,-9.6,-7.9,-16.7,-1.5,-5.5,-2.6,-2.9,17.9,20.9,21.1,1.2,-6.5,-1.3,20.0,11.9,4.2,1.3,9.0
Feb-16,-5.6,-6.5,4.8,-13.5,-14.2,-14.6,-3.2,-3.8,-6.1,-12.5,15.3,19.9,18.4,-1.7,-10.0,-9.0,13.0,5.2,-0.7,-11.9,4.0
Mar-16,8.5,5.1,13.8,-9.0,-3.6,-16.9,-2.3,1.1,-3.3,1.5,26.3,35.1,33.1,10.0,-3.6,-9.4,21.8,12.4,5.8,6.0,11.6
Apr-16,-1.9,-1.2,-8.1,-5.9,-10.8,-21.4,10.4,3.2,-21.3,-16.4,39.9,43.9,40.1,11.6,-0.8,-1.9,37.0,23.1,12.4,11.6,11.5
May-16,-5.7,-3.4,-3.9,-8.4,-12.1,-3.5,12.3,9.6,-5.7,-17.7,40.0,40.6,38.9,13.8,-2.6,-5.4,25.6,15.0,12.7,15.1,21.8
Jun-16,4.4,-1.0,0.2,-11.7,-8.8,-11.5,19.5,2.3,-10.4,-14.5,37.0,38.4,36.9,4.7,4.8,-4.4,36.3,18.3,13.1,13.7,10.0
Jul-16,1.6,12.2,9.5,2.9,1.3,-7.0,12.5,2.4,2.5,-0.2,36.7,36.0,35.6,16.2,1.8,0.3,28.6,22.9,17.2,12.9,12.5
Aug-16,5.0,-1.3,8.4,-12.6,-3.3,-8.1,20.5,7.6,-14.0,-10.6,42.4,42.5,45.2,4.4,0.4,-4.4,32.2,12.5,15.6,17.2,19.2
Sep-16,12.4,3.1,-7.8,-11.2,-8.0,-25.8,21.7,10.5,-2.3,-8.9,37.5,37.8,33.2,9.6,6.3,5.9,40.7,31.8,24.3,10.0,11.9
Oct-16,11.0,19.8,16.3,0.2,0.7,-9.7,13.9,0.6,-6.3,-3.1,36.4,40.4,40.7,13.3,6.9,9.6,41.4,27.4,24.8,14.1,23.3
Nov-16,10.5,20.2,20.1,7.0,6.1,15.2,28.1,20.8,-3.9,7.6,29.8,35.4,29.5,6.6,3.2,2.1,38.0,29.4,12.1,8.9,20.1
Dec-16,22.5,16.4,25.1,6.4,6.9,4.2,32.8,11.8,5.4,13.1,44.9,44.2,45.2,14.9,12.3,16.1,44.0,28.2,26.0,16.5,31.1
Jan-17,24.4,25.2,23.2,9.7,4.9,11.0,32.1,22.6,14.0,9.0,53.9,51.6,53.3,24.9,12.2,12.0,49.5,27.8,34.5,20.4,20.5
Feb-17,41.4,34.8,32.0,8.3,5.9,-2.5,29.2,10.9,8.7,15.0,48.9,48.7,45.5,17.3,10.3,12.2,47.5,25.6,25.7,17.9,21.4
Mar-17,30.1,29.6,27.7,8.8,3.3,6.4,38.1,17.8,17.1,16.2,55.1,58.1,54.7,14.8,7.1,19.2,50.6,35.7,36.4,18.1,32.6
Apr-17,21.7,26.7,24.6,9.4,10.2,13.9,27.7,12.4,14.7,14.9,46.3,56.1,45.4,20.4,4.7,12.7,36.5,30.2,36.4,17.1,35.3
May-17,33.5,21.6,32.8,8.1,6.0,3.3,22.0,11.7,15.4,16.7,41.4,49.7,41.6,14.1,6.9,13.6,43.6,26.1,29.5,3.2,33.9
Jun-17,28.4,28.0,26.7,15.5,11.6,5.3,22.2,19.2,14.6,15.9,39.0,40.8,42.2,9.9,3.9,19.7,43.3,30.4,31.7,11.7,29.2
Jul-17,22.6,8.6,19.7,10.3,7.5,0.2,19.6,10.7,15.0,8.2,39.8,46.5,35.0,16.4,4.3,25.8,49.0,31.3,32.2,7.9,38.5
Aug-17,20.2,23.3,29.9,12.4,11.5,-5.1,24.3,14.9,13.7,16.9,43.6,50.0,43.2,17.3,8.8,26.1,37.8,36.2,35.2,15.4,41.4
Sep-17,24.3,27.2,27.6,13.9,13.1,-1.3,36.7,24.6,10.3,12.7,54.4,57.5,56.2,13.7,2.8,18.5,46.7,32.1,31.7,17.9,40.1
Oct-17,27.6,21.6,24.6,12.3,23.9,6.6,44.8,17.5,27.7,16.8,47.3,44.1,46.3,17.8,4.1,11.4,60.4,41.2,39.6,16.4,41.5
Nov-17,25.2,27.9,25.4,21.8,18.5,-5.6,40.0,14.1,23.3,18.4,47.9,50.1,45.5,15.6,3.9,23.1,54.8,43.8,38.7,16.5,38.7
Dec-17,29.1,30.9,28.3,12.8,12.5,2.0,31.3,16.1,19.7,18.4,48.2,52.7,49.1,7.7,-4.0,30.2,54.7,38.7,34.3,18.5,36.9
Jan-18,22.3,9.8,29.3,-2.9,3.6,9.6,33.1,22.1,19.5,16.6,44.2,47.3,48.7,10.7,1.9,12.1,56.8,44.1,32.9,11.3,35.0
Feb-18,32.1,29.1,23.0,12.3,5.9,0.6,44.0,21.7,23.4,16.8,37.8,48.1,47.2,16.9,17.1,25.1,65.5,50.6,39.2,15.3,36.8
Mar-18,20.6,26.8,25.6,15.3,11.7,13.0,39.9,19.0,28.2,12.0,44.8,48.9,48.6,9.3,9.5,17.9,57.6,46.4,35.7,16.4,34.6
Apr-18,22.0,19.9,25.0,10.1,20.1,9.2,48.9,25.9,24.9,19.0,43.4,42.3,49.4,9.5,7.4,14.2,67.7,48.6,35.9,17.1,29.9
May-18,31.7,35.8,21.2,13.0,15.9,9.6,47.0,32.2,29.3,31.8,43.7,43.5,47.6,11.4,7.3,19.4,61.1,35.1,41.7,11.5,21.9
Jun-18,22.0,22.9,28.6,0.7,7.1,11.0,49.6,34.0,28.6,20.9,38.7,42.8,39.0,21.0,4.6,17.6,63.9,57.6,34.4,15.7,35.5
Jul-18,24.6,29.8,23.0,10.9,9.0,12.5,60.7,36.6,18.5,13.9,28.3,32.5,39.7,7.1,1.8,10.5,61.5,52.6,30.5,17.6,30.8
Aug-18,9.1,11.9,17.2,5.5,7.5,12.7,58.8,34.3,16.2,8.6,38.9,37.2,40.0,13.2,4.2,3.0,59.8,56.9,32.5,14.8,31.5
Sep-18,21.8,19.4,20.0,12.1,11.0,-3.6,43.1,22.7,19.7,14.5,35.8,33.6,35.5,11.3,4.1,-1.6,47.6,42.1,30.9,12.7,27.0
Oct-18,20.3,16.1,21.9,-2.1,5.6,0.9,46.5,27.2,14.0,18.6,33.6,40.2,37.6,3.2,-3.3,10.5,57.3,53.8,32.4,15.9,28.8
Nov-18,13.8,13.5,23.8,2.1,9.5,8.7,43.4,27.0,17.6,10.1,27.3,41.4,36.7,6.4,-1.0,6.9,61.7,59.8,34.3,17.2,37.2
Dec-18,11.1,18.1,16.7,8.9,8.6,3.3,42.4,29.8,17.9,7.8,25.8,32.9,31.9,4.8,0.7,2.9,58.9,44.3,32.2,10.3,34.0
Jan-19,14.4,17.7,12.9,2.2,9.2,-4.5,30.5,23.1,10.8,7.0,29.0,31.4,35.2,0.8,-4.3,4.0,42.6,33.0,32.2,15.0,30.0
Feb-19,1.0,1.4,-1.7,5.0,12.2,1.9,19.5,23.5,14.8,6.0,26.2,28.8,35.4,9.9,0.6,4.0,42.5,32.3,24.9,6.8,29.6
Mar-19,10.6,0.9,16.6,1.0,7.1,17.6,16.3,22.2,13.8,10.6,20.1,22.3,25.5,10.8,-5.7,-6.8,43.2,28.1,22.6,6.4,18.6
Apr-19,6.2,12.7,17.8,2.0,-2.0,1.6,15.6,17.7,13.1,8.9,22.0,28.3,26.2,5.8,2.2,-11.1,28.9,27.0,16.7,6.5,29.8
May-19,17.3,7.3,21.4,0.7,1.5,-1.7,18.0,16.9,19.5,11.2,25.0,23.5,29.6,-8.3,5.9,1.3,40.7,36.5,26.1,8.0,22.6
Jun-19,2.2,11.2,18.6,11.1,13.1,4.4,12.3,3.8,15.5,6.4,24.4,35.7,41.5,5.4,5.7,1.6,32.3,28.0,27.0,12.2,28.4
Jul-19,21.7,24.6,23.1,6.3,12.4,8.0,18.3,11.9,30.1,21.4,34.3,44.5,41.1,9.3,7.3,4.3,36.8,36.6,25.1,7.0,37.2
Aug-19,11.7,20.0,15.9,7.8,9.1,7.1,17.3,15.9,5.7,3.3,35.9,43.9,45.0,10.4,2.4,9.5,37.8,25.7,24.6,7.5,25.9
Sep-19,12.9,24.3,25.6,20.4,12.4,17.8,34.4,21.3,17.2,13.7,22.8,31.8,38.5,10.6,1.5,4.3,41.7,33.1,29.3,6.9,25.2
Oct-19,4.9,22.0,16.5,18.1,11.4,6.4,20.9,16.0,25.4,9.4,34.7,38.5,45.0,11.5,-1.5,2.8,38.4,33.6,25.3,12.5,37.6
Nov-19,12.0,10.3,14.1,10.3,13.3,-4.0,10.9,12.4,20.8,7.4,36.0,40.5,39.7,6.8,2.3,6.7,45.4,40.6,26.5,16.4,22.2
Dec-19,3.6,16.5,22.3,9.1,13.8,5.8,22.6,13.1,15.9,12.5,30.6,28.8,35.0,7.1,-5.7,7.2,49.3,44.2,26.3,19.2,27.0
Jan-20,16.6,19.6,21.9,-6.7,-3.9,-2.2,20.6,13.4,18.1,4.7,38.2,41.9,43.7,16.8,-1.7,7.2,42.9,31.9,24.4,14.1,31.0
Feb-20,36.9,33.3,24.9,5.5,3.8,9.3,11.6,14.2,8.9,11.2,42.8,52.3,48.8,17.7,11.8,12.0,34.2,39.6,23.4,25.7,28.9
Mar-20,-17.5,-21.8,-3.7,-12.2,-11.0,4.0,-1.2,4.5,5.9,1.0,32.1,34.4,41.5,15.0,10.4,16.7,13.5,16.9,27.9,12.5,9.7
Apr-20,-60.5,-70.4,-74.8,-15.9,6.3,-11.7,-15.8,-10.4,-45.6,-55.4,42.2,37.0,44.4,18.4,1.9,8.6,21.4,15.2,26.3,28.2,10.8
May-20,-43.5,-32.2,-32.2,-16.2,-10.0,9.9,-2.1,-3.2,-13.7,-7.8,52.0,52.8,44.5,5.9,8.1,-2.2,19.8,13.3,15.0,17.6,13.5
Jun-20,27.8,19.9,27.5,2.0,0.2,1.7,9.6,12.0,-5.1,-8.1,66.3,70.1,67.5,34.7,22.4,5.2,43.2,30.4,29.6,26.6,27.4
Jul-20,29.7,29.6,18.0,6.2,-7.8,-10.6,19.2,12.4,22.6,17.3,36.4,58.3,50.8,22.7,13.1,11.7,43.5,27.8,31.7,25.7,27.2
Aug-20,15.8,16.7,6.7,-2.7,6.2,-1.1,18.2,14.9,9.2,8.5,43.7,57.4,50.0,21.5,9.1,7.8,36.5,27.4,29.1,16.5,25.6
Sep-20,15.8,28.0,38.6,6.4,13.6,-12.5,29.7,19.3,15.1,10.5,56.3,54.2,46.6,26.7,7.1,9.6,54.6,41.6,42.4,29.6,30.2
Oct-20,29.9,42.2,43.3,12.3,22.1,-1.5,32.9,14.8,11.1,24.5,65.0,53.8,56.0,15.4,-0.6,16.2,45.9,45.1,48.4,20.4,37.9
Nov-20,29.9,37.1,25.9,23.8,21.9,1.3,40.4,25.2,28.2,25.9,46.0,51.8,44.0,9.0,1.8,21.6,55.1,42.2,38.9,24.2,26.4
Dec-20,12.5,8.3,21.4,2.0,19.8,10.7,34.3,20.2,7.6,21.8,34.9,36.6,41.2,7.8,3.1,8.0,51.1,35.2,40.1,19.0,25.0
Jan-21,29.9,25.9,22.9,19.4,25.8,11.5,44.9,35.8,24.1,19.8,51.2,44.8,45.0,10.5,1.6,10.2,45.2,33.9,38.5,12.0,34.6
Feb-21,30.1,25.6,27.8,11.9,17.4,19.1,50.4,15.1,24.1,30.8,37.5,36.1,32.8,6.4,3.2,13.5,54.0,43.7,33.1,11.1,26.0
Mar-21,40.1,32.3,18.3,15.0,26.5,16.9,66.6,27.9,29.4,37.2,55.9,46.1,53.3,9.9,16.3,24.1,58.3,42.2,44.6,9.5,31.5
Apr-21,44.4,31.8,24.5,24.9,30.5,16.0,62.3,32.3,29.0,28.6,65.8,60.2,61.5,6.7,4.2,16.2,67.3,61.9,55.7,24.3,35.0
May-21,32.8,26.0,18.7,37.8,37.7,23.8,71.7,40.9,21.2,34.8,54.7,48.0,55.6,16.0,-1.0,15.4,65.1,55.9,50.7,20.8,35.7
Jun-21,31.3,25.7,29.5,24.4,29.0,20.1,80.6,50.6,29.9,18.6,69.0,70.8,74.6,23.0,24.5,12.2,70.9,68.9,54.8,22.0,41.6
Jul-21,27.1,23.3,26.9,21.2,31.4,-2.8,72.8,47.7,31.6,18.7,48.3,47.4,64.3,7.4,-8.0,15.5,63.2,59.6,55.4,24.8,41.1
Aug-21,17.8,19.6,15.6,4.6,25.2,-17.3,74.1,56.3,33.8,21.5,39.1,40.8,44.5,7.9,3.5,21.6,53.2,67.1,42.1,18.2,36.4
Sep-21,31.9,18.9,32.5,12.0,21.7,17.3,72.2,53.4,25.9,32.6,20.1,29.5,40.3,-6.9,8.0,12.5,49.6,61.7,38.5,14.8,23.0
Oct-21,21.0,29.7,26.3,17.0,33.6,19.5,75.7,50.9,28.6,27.0,26.2,28.4,35.0,-19.0,-4.3,23.7,67.9,63.1,40.2,27.6,35.7
Nov-21,42.2,45.9,33.2,29.0,39.8,12.8,82.7,62.4,28.0,30.7,30.4,31.8,40.5,-5.2,-4.5,15.6,69.8,64.6,51.2,13.2,32.0
Dec-21,17.1,20.1,22.8,11.5,32.5,13.1,71.7,51.5,32.6,30.3,14.9,19.4,27.9,-11.8,2.3,12.7,58.8,54.7,56.2,8.9,21.2
Jan-22,23.2,19.9,19.7,20.6,21.7,3.1,70.2,45.7,24.8,8.3,28.8,29.8,47.6,-8.7,-7.6,9.3,77.8,60.5,38.8,10.2,24.2
Feb-22,17.0,14.4,13.1,13.7,23.9,1.4,64.0,46.4,31.5,11.2,25.7,23.1,41.5,-18.5,-18.6,6.7,62.6,55.4,36.7,1.8,20.4
Mar-22,23.4,20.3,26.7,16.8,38.2,3.4,74.6,52.2,41.1,22.6,19.4,20.1,30.7,-16.0,-6.2,30.7,66.1,63.7,38.8,12.8,22.5
Apr-22,11.6,13.5,18.0,3.5,21.0,10.7,77.5,53.2,39.7,19.8,7.3,4.5,28.5,-11.2,-18.2,11.5,65.7,60.6,38.9,-0.1,18.1
May-22,3.6,15.8,32.5,15.2,13.2,1.5,73.6,52.1,27.6,15.6,4.2,13.5,29.5,-24.2,-26.1,2.5,57.5,56.2,27.6,9.1,7.9
Jun-22,-2.9,-8.6,13.1,-5.7,9.5,-0.2,64.6,50.4,27.4,10.1,-7.4,-5.4,5.8,-28.2,-32.4,1.3,57.5,48.3,10.3,7.0,12.9
Jul-22,-7.6,-18.6,16.6,-7.9,-12.1,-8.1,55.6,30.6,21.7,6.3,-19.5,-11.0,10.7,-29.0,-30.6,-4.0,44.9,37.6,14.7,0.7,4.9
Aug-22,4.4,-9.2,20.7,-4.5,1.6,3.2,46.7,25.8,25.2,4.0,-4.7,-5.0,16.3,-34.3,-25.7,5.1,46.1,41.8,24.9,1.7,20.8
Sep-22,-8.4,-14.2,12.0,-21.3,-17.0,-6.6,34.3,29.9,11.8,-0.7,-3.4,3.5,19.3,-18.8,-23.3,3.0,41.0,39.1,22.4,10.2,4.1
Oct-22,-12.0,-17.8,4.5,-17.9,-11.1,-1.3,41.3,30.1,26.2,9.6,-13.2,-14.5,9.4,-24.5,-9.0,-8.5,29.8,27.4,14.9,-2.7,7.6
Nov-22,-16.1,-17.5,7.7,-21.1,-4.1,-7.4,38.2,33.7,7.8,1.7,-5.0,-0.9,10.8,-16.4,-15.9,-7.4,24.5,21.1,14.1,-8.4,7.6
Dec-22,-11.6,-18.8,1.8,-14.2,-10.4,-3.2,32.7,25.8,-3.1,-4.3,-0.1,8.8,18.4,-17.2,-26.7,-15.3,44.7,32.5,18.0,2.0,19.3
Jan-23,-5.0,-7.6,10.4,-18.3,-3.9,1.3,24.5,31.4,7.7,0.2,10.1,6.6,14.9,-3.3,-13.5,-4.5,28.8,21.7,1.4,-6.5,10.1
Feb-23,-19.9,-12.8,5.5,-16.5,-11.6,12.7,26.0,16.9,5.6,-5.7,2.5,7.8,5.1,-13.4,-21.2,-1.6,23.8,21.3,10.5,-2.8,7.5
Mar-23,-21.9,-30.6,-24.0,-20.1,-22.9,-9.5,25.3,11.8,-4.9,-19.2,-8.9,4.0,7.2,-14.0,-23.9,-12.4,28.9,8.6,9.3,7.4,-5.3
Apr-23,-33.4,-23.5,-10.0,-13.3,-20.1,-15.5,10.5,1.2,1.5,-5.4,-2.8,7.1,12.5,-14.9,-28.1,-7.7,21.6,13.3,7.2,-0.2,-6.3
May-23,-10.0,-4.5,-3.3,1.2,-12.6,4.6,14.1,-1.3,-4.8,-5.6,-11.5,-3.7,1.6,-11.8,-31.7,-8.1,29.2,25.1,11.6,-2.0,0.9
Jun-23,-13.9,-9.1,12.4,-20.3,-14.6,-2.7,13.7,5.6,-0.3,-9.7,9.9,15.0,28.3,-8.9,-10.8,-16.4,23.9,19.0,10.5,1.4,11.3
Jul-23,-14.5,-15.7,-12.2,-13.9,-16.3,-1.0,14.3,18.6,-2.8,-3.9,17.9,31.6,31.6,6.5,-2.8,-4.6,31.0,23.9,16.0,13.9,7.6
Aug-23,10.6,8.6,3.0,-9.0,-9.5,-7.5,20.2,12.7,-4.5,1.5,8.6,21.9,19.4,4.5,-11.5,-3.2,50.6,37.6,11.0,7.2,-1.3
Sep-23,-14.2,-8.8,-0.9,-8.8,-16.8,6.6,19.3,7.9,-6.3,7.5,14.1,27.6,30.5,-1.7,-9.0,-2.8,42.9,35.2,6.7,-0.7,4.8
Oct-23,-15.7,0.4,5.8,-16.4,-24.3,-6.9,18.8,9.0,1.2,-3.2,8.9,19.5,8.3,-7.1,-18.1,3.5,45.4,44.6,6.8,-1.4,-3.3
Nov-23,-6.8,-2.7,-14.7,-10.6,-7.4,-4.2,13.2,8.9,-2.2,-12.0,0.1,12.9,15.1,-6.5,-19.5,0.9,35.5,32.3,3.1,2.2,-1.9
Dec-23,-7.9,-21.4,-7.7,-9.0,-20.3,-5.2,20.8,11.3,-4.1,-2.4,14.5,21.2,19.4,8.0,-9.0,0.8,22.6,25.3,0.8,0.1,-4.2
Jan-24,-4.7,-11.8,-4.1,-19.2,-25.9,-13.9,13.4,13.6,-2.8,-3.2,4.2,13.1,9.5,13.0,-4.2,-3.5,35.3,20.6,2.5,6.6,7.8
Feb-24,2.5,-4.8,7.4,-10.3,-18.7,-3.5,17.8,8.1,-8.9,-2.3,10.8,24.2,25.3,0.8,-6.1,-18.6,41.0,29.9,6.0,8.7,11.4
Mar-24,4.9,4.7,9.4,-3.0,-14.2,4.9,8.4,7.2,-8.0,-1.0,34.9,46.7,40.1,10.8,3.9,10.3,39.7,35.3,7.2,2.4,18.8
Apr-24,7.1,7.6,12.9,-0.6,-9.0,-7.6,23.2,7.5,-8.9,-16.7,30.1,38.8,27.7,11.9,-0.1,0.1,52.1,34.4,12.1,14.9,18.0
May-24,4.8,-3.0,-1.5,-7.2,-2.4,-9.0,20.7,8.8,-6.7,-8.0,27.9,31.9,39.3,24.2,13.4,3.3,35.5,34.0,21.3,14.5,18.9
Jun-24,0.5,0.0,1.9,5.1,-7.7,-6.1,23.8,14.3,-2.5,1.1,14.4,17.8,3.8,11.7,0.3,-23.1,54.4,56.2,17.8,3.2,12.5
Jul-24,12.8,18.4,26.4,9.0,5.2,-10.8,21.2,19.8,13.9,-2.5,34.3,33.0,30.3,8.5,4.1,1.1,57.3,41.4,20.4,16.2,9.9
Aug-24,-3.3,10.5,5.3,1.7,13.2,-4.6,23.7,12.9,-5.2,-2.2,18.4,15.5,15.4,-6.9,-4.1,-9.6,38.6,13.5,8.0,10.2,13.6
Sep-24,0.9,1.0,-8.8,-2.4,-2.9,6.8,29.3,20.0,10.9,-7.9,18.9,27.7,30.9,20.3,0.3,9.6,50.9,36.0,20.3,17.2,23.8
Oct-24,6.0,11.9,6.4,0.4,7.0,0.0,27.3,14.7,-1.7,-11.5,35.4,40.6,43.9,24.5,12.2,4.1,48.9,42.3,27.1,25.6,25.0
Nov-24,-4.4,5.4,1.7,6.8,-1.0,3.2,25.7,11.7,6.3,16.3,53.9,63.2,50.1,26.3,10.5,5.7,62.3,48.1,34.7,18.8,25.7
Dec-24,-10.9,-3.6,1.7,18.3,9.2,-3.8,26.6,5.6,4.8,-3.7,33.8,52.1,48.8,15.3,7.1,18.5,58.3,54.9,32.6,21.0,22.2
Jan-25,44.3,42.9,41.0,24.0,6.8,11.7,31.9,29.7,11.9,20.5,46.3,57.3,60.2,14.5,0.5,20.2,67.3,53.6,40.4,14.9,39.0
Feb-25,18.1,21.9,26.3,1.4,12.4,-0.4,40.5,32.9,5.3,2.9,27.8,33.1,36.5,11.0,-1.2,16.4,58.6,46.1,23.7,11.6,14.0
Mar-25,12.5,8.7,2.0,0.6,4.1,-5.7,48.3,29.8,19.7,8.7,5.6,2.3,11.3,-0.6,3.9,10.0,44.6,39.7,17.3,0.0,13.4
Apr-25,-26.4,-34.2,-9.1,-1.1,-2.6,-0.9,51.0,30.7,0.2,-12.7,6.9,6.6,5.0,11.4,0.2,-0.2,63.1,67.7,-0.6,-1.2,2.0
May-25,-4.0,7.5,-13.0,4.9,-9.2,9.7,59.8,43.6,16.5,2.0,47.2,49.7,51.1,3.3,8.3,5.3,61.6,50.0,23.0,22.2,27.0
Jun-25,-4.0,2.3,8.3,9.3,13.6,3.6,41.4,29.5,-9.8,-1.6,18.3,22.1,27.9,18.9,24.5,3.6,68.9,52.5,24.6,13.4,14.5
Jul-25,15.9,18.4,23.7,5.7,-4.7,-1.3,58.8,34.8,10.3,0.4,21.5,30.0,23.6,18.4,10.4,10.7,75.3,59.4,20.1,12.4,17.1
Aug-25,-0.3,-1.9,4.5,-16.8,-5.4,-6.2,66.8,36.1,5.9,4.7,25.0,39.2,40.3,7.7,4.5,-14.3,68.4,48.5,12.7,4.3,38.4
Sep-25,23.2,12.4,26.1,-6.6,-3.4,15.0,46.8,18.8,5.6,14.9,31.5,42.4,31.0,12.0,0.5,-3.0,69.8,64.8,23.7,22.5,12.5
